Time,O2
0,7.17
1,7.17
2,7.18
3,7.16
4,7.2
5,7.2
6,7.16
7,7.16
8,7.19
9,7.18
10,7.18
11,7.18
12,7.18
13,7.18
14,7.18
15,7.21
16,7.2
17,7.2
18,7.2
19,7.2
20,7.23
21,7.22
22,7.21
23,7.19
24,7.19
25,7.18
26,7.18
27,7.17
28,7.13
29,7.13
30,7.13
31,7.13
32,7.16
33,7.15
34,7.15
35,7.14
36,7.13
37,7.13
38,7.12
39,7.06
40,7.1
41,7.11
42,7.11
43,7.11
44,7.08
45,7.08
46,7.09
47,7.1
48,7.1
49,7.11
50,7.11
51,7.11
52,7.11
53,7.11
54,7.11
55,7.11
56,7.12
57,7.12
58,7.13
59,7.13
60,7.13
61,7.13
62,7.13
63,7.14
64,7.14
65,7.13
66,7.13
67,7.13
68,7.13
69,7.1
70,7.13
71,7.12
72,7.11
73,7.11
74,7.05
75,7.05
76,7.06
77,7.06
78,7.06
79,7.07
80,7.07
81,7.07
82,7.08
83,7.07
84,7.07
85,7.07
86,7.07
87,7.09
88,7.08
89,7.08
90,7.08
91,7.08
92,7.08
93,7.05
94,7.06
95,7.09
96,7.09
97,7.09
98,7.09
99,7.09
100,7.08
101,7.08
102,7.05
103,7.05
104,7.1
105,7.1
106,7.11
107,7.12
108,7.11
109,7.11
110,7.11
111,7.11
112,7.1
113,7.12
114,7.08
115,7.08
116,7.09
117,7.09
118,7.09
119,7.09
120,7.09
121,7.08
122,7.05
123,7.04
124,7.05
125,7.05
126,7.05
127,7.04
128,7.07
129,7.06
130,7.05
131,7.05
132,7.05
133,7.05
134,7.05
135,7.04
136,7.05
137,7.03
138,7.03
139,7.04
140,7.04
141,7.04
142,7.07
143,7.07
144,7.09
145,7.08
146,7.08
147,7.08
148,7.08
149,7.08
150,7.05
151,7.09
152,7.09
153,7.09
154,7.09
155,7.09
156,7.08
157,7.08
158,7.08
159,7.08
160,7.08
161,7.08
162,7.08
163,7.08
164,7.08
165,7.07
166,7.07
167,7.06
168,7.06
169,7.09
170,7.08
171,7.08
172,7.07
173,7.07
174,7.06
175,7.06
176,7.06
177,7.05
178,7.05
179,7.04
180,7.04
181,7.07
182,7.07
183,7.06
184,7.06
185,7.06
186,7.01
187,7.02
188,7.02
189,7.03
190,7.02
191,7.03
192,7.02
193,7.04
194,7.04
195,7.04
196,7.04
197,7.05
198,7.05
199,7.05
200,7.05
201,7.05
202,7.05
203,7.05
204,7.05
205,7.06
206,7.05
207,7.08
208,7.07
209,7.07
210,7.06
211,7.06
212,7.05
213,7.05
214,7.05
215,7.05
216,7.05
217,6.99
218,7
219,7
220,7
221,6.99
222,7.01
223,7.01
224,7.02
225,6.99
226,6.99
227,7
228,7
229,7.01
230,7
231,7
232,6.99
233,7
234,6.99
235,6.99
236,6.99
237,6.99
238,6.99
239,6.99
240,6.99
241,6.98
242,6.99
243,6.99
244,6.99
245,7
246,7
247,7
248,7.01
249,7.02
250,7.02
251,7.03
252,7.03
253,7.03
254,7.02
255,7.02
256,7.01
257,7.01
258,7.01
259,7.01
260,7.01
261,7.02
262,7.02
263,7.02
264,7.01
265,7.01
266,7
267,7
268,7
269,7.01
270,7.01
271,7
272,7.02
273,7.01
274,7.01
275,7
276,7.01
277,7
278,7
279,7
280,7
281,7.02
282,7.02
283,7.01
284,7.01
285,7.01
286,7.01
287,7.03
288,7.03
289,7.02
290,7.03
291,7.03
292,7.02
293,7.01
294,7
295,7
296,6.99
297,6.99
298,6.98
299,6.98
300,6.98
301,6.98
302,6.98
303,6.98
304,6.99
305,6.98
306,6.98
307,6.99
308,6.98
309,6.98
310,6.97
311,6.97
312,6.97
313,6.99
314,6.96
315,6.96
316,6.96
317,6.92
318,6.93
319,6.93
320,6.9
321,6.91
322,6.91
323,6.92
324,6.93
325,6.93
326,6.95
327,6.95
328,6.96
329,6.96
330,6.96
331,6.98
332,6.97
333,6.97
334,6.97
335,6.97
336,6.96
337,6.96
338,6.96
339,6.96
340,6.94
341,6.96
342,6.95
343,6.95
344,6.95
345,6.95
346,6.94
347,6.94
348,6.94
349,6.94
350,6.94
351,6.93
352,6.93
353,6.92
354,6.87
355,6.87
356,6.88
357,6.88
358,6.89
359,6.9
360,6.9
361,6.91
362,6.91
363,6.91
364,6.91
365,6.91
366,6.9
367,6.9
368,6.91
369,6.91
370,6.92
371,6.91
372,6.92
373,6.92
374,6.92
375,6.92
376,6.94
377,6.94
378,6.93
379,6.92
380,6.92
381,6.92
382,6.92
383,6.92
384,6.92
385,6.91
386,6.91
387,6.91
388,6.9
389,6.9
390,6.9
391,6.91
392,6.91
393,6.91
394,6.91
395,6.92
396,6.91
397,6.91
398,6.9
399,6.9
400,6.89
401,6.9
402,6.9
403,6.9
404,6.9
405,6.9
406,6.89
407,6.89
408,6.89
409,6.88
410,6.88
411,6.88
412,6.88
413,6.88
414,6.88
415,6.89
416,6.89
417,6.87
418,6.88
419,6.89
420,6.89
421,6.89
422,6.89
423,6.89
424,6.9
425,6.87
426,6.87
427,6.88
428,6.89
429,6.88
430,6.88
431,6.89
432,6.89
433,6.89
434,6.89
435,6.89
436,6.89
437,6.88
438,6.9
439,6.89
440,6.88
441,6.87
442,6.87
443,6.87
444,6.87
445,6.86
446,6.87
447,6.87
448,6.87
449,6.87
450,6.87
451,6.87
452,6.87
453,6.86
454,6.84
455,6.84
456,6.85
457,6.89
458,6.89
459,6.88
460,6.88
461,6.88
462,6.87
463,6.87
464,6.87
465,6.87
466,6.87
467,6.87
468,6.87
469,6.87
470,6.87
471,6.85
472,6.86
473,6.86
474,6.86
475,6.86
476,6.86
477,6.86
478,6.86
479,6.84
480,6.84
481,6.84
482,6.88
483,6.89
484,6.88
485,6.88
486,6.87
487,6.87
488,6.87
489,6.87
490,6.85
491,6.85
492,6.85
493,6.85
494,6.84
495,6.84
496,6.84
497,6.84
498,6.84
499,6.84
500,6.83
501,6.83
502,6.83
503,6.83
504,6.83
505,6.83
506,6.82
507,6.82
508,6.82
509,6.82
510,6.82
511,6.82
512,6.82
513,6.83
514,6.83
515,6.84
516,6.84
517,6.84
518,6.88
519,6.87
520,6.87
521,6.87
522,6.86
523,6.85
524,6.85
525,6.85
526,6.84
527,6.81
528,6.81
529,6.81
530,6.81
531,6.81
532,6.81
533,6.82
534,6.82
535,6.82
536,6.82
537,6.82
538,6.82
539,6.81
540,6.81
541,6.81
542,6.81
543,6.8
544,6.8
545,6.8
546,6.79
547,6.79
548,6.79
549,6.79
550,6.79
551,6.78
552,6.78
553,6.78
554,6.78
555,6.78
556,6.78
557,6.78
558,6.79
559,6.79
560,6.79
561,6.8
562,6.8
563,6.8
564,6.8
565,6.8
566,6.8
567,6.81
568,6.81
569,6.81
570,6.81
571,6.81
572,6.81
573,6.81
574,6.81
575,6.78
576,6.78
577,6.79
578,6.79
579,6.78
580,6.78
581,6.77
582,6.77
583,6.77
584,6.77
585,6.77
586,6.77
587,6.77
588,6.77
589,6.74
590,6.75
591,6.75
592,6.76
593,6.75
594,6.75
595,6.75
596,6.78
597,6.78
598,6.78
599,6.78
600,6.78
601,6.78
602,6.78
603,6.79
604,6.79
605,6.79
606,6.77
607,6.79
608,6.79
609,6.78
610,6.78
611,6.78
612,6.77
613,6.76
614,6.76
615,6.76
616,6.76
617,6.76
618,6.76
619,6.77
620,6.76
621,6.76
622,6.75
623,6.75
624,6.74
625,6.74
626,6.74
627,6.74
628,6.74
629,6.73
630,6.74
631,6.73
632,6.74
633,6.74
634,6.74
635,6.74
636,6.73
637,6.73
638,6.76
639,6.75
640,6.75
641,6.75
642,6.74
643,6.74
644,6.74
645,6.75
646,6.74
647,6.74
648,6.74
649,6.74
650,6.74
651,6.78
652,6.77
653,6.76
654,6.76
655,6.76
656,6.75
657,6.75
658,6.75
659,6.74
660,6.7
661,6.7
662,6.7
663,6.71
664,6.71
665,6.71
666,6.72
667,6.73
668,6.74
669,6.73
670,6.74
671,6.74
672,6.74
673,6.74
674,6.73
675,6.73
676,6.73
677,6.72
678,6.71
679,6.71
680,6.7
681,6.71
682,6.71
683,6.7
684,6.7
685,6.7
686,6.7
687,6.7
688,6.7
689,6.7
690,6.7
691,6.7
692,6.7
693,6.7
694,6.71
695,6.71
696,6.72
697,6.71
698,6.69
699,6.7
700,6.7
701,6.7
702,6.71
703,6.71
704,6.71
705,6.72
706,6.71
707,6.72
708,6.72
709,6.72
710,6.72
711,6.73
712,6.73
713,6.73
714,6.73
715,6.72
716,6.72
717,6.71
718,6.71
719,6.72
720,6.72
721,6.71
722,6.71
723,6.71
724,6.71
725,6.7
726,6.7
727,6.7
728,6.7
729,6.7
730,6.7
731,6.7
732,6.7
733,6.7
734,6.7
735,6.7
736,6.7
737,6.7
738,6.7
739,6.7
740,6.7
741,6.71
742,6.71
743,6.71
744,6.71
745,6.71
746,6.71
747,6.7
748,6.71
749,6.7
750,6.7
751,6.7
752,6.69
753,6.69
754,6.69
755,6.69
756,6.69
757,6.69
758,6.69
759,6.69
760,6.68
761,6.68
762,6.68
763,6.68
764,6.68
765,6.69
766,6.69
767,6.69
768,6.69
769,6.69
770,6.69
771,6.69
772,6.68
773,6.68
774,6.68
775,6.67
776,6.67
777,6.67
778,6.67
779,6.67
780,6.67
781,6.67
782,6.67
783,6.67
784,6.67
785,6.67
786,6.67
787,6.68
788,6.66
789,6.66
790,6.66
791,6.66
792,6.67
793,6.67
794,6.67
795,6.68
796,6.68
797,6.68
798,6.68
799,6.67
800,6.67
801,6.66
802,6.66
803,6.66
804,6.66
805,6.66
806,6.66
807,6.66
808,6.66
809,6.66
810,6.66
811,6.65
812,6.65
813,6.65
814,6.65
815,6.65
816,6.65
817,6.65
818,6.65
819,6.62
820,6.62
821,6.63
822,6.63
823,6.63
824,6.63
825,6.63
826,6.63
827,6.64
828,6.64
829,6.64
830,6.64
831,6.64
832,6.64
833,6.64
834,6.64
835,6.65
836,6.65
837,6.65
838,6.66
839,6.66
840,6.66
841,6.65
842,6.64
843,6.64
844,6.64
845,6.64
846,6.64
847,6.63
848,6.63
849,6.63
850,6.63
851,6.62
852,6.62
853,6.62
854,6.62
855,6.62
856,6.62
857,6.62
858,6.62
859,6.63
860,6.63
861,6.62
862,6.62
863,6.62
864,6.63
865,6.63
866,6.63
867,6.63
868,6.63
869,6.62
870,6.62
871,6.61
872,6.61
873,6.61
874,6.61
875,6.61
876,6.61
877,6.61
878,6.62
879,6.61
880,6.61
881,6.62
882,6.61
883,6.61
884,6.61
885,6.61
886,6.61
887,6.62
888,6.62
889,6.63
890,6.62
891,6.62
892,6.62
893,6.63
894,6.61
895,6.62
896,6.62
897,6.63
898,6.63
899,6.63
900,6.62
901,6.62
902,6.61
903,6.61
904,6.6
905,6.6
906,6.6
907,6.61
908,6.61
909,6.6
910,6.6
911,6.6
912,6.6
913,6.6
914,6.6
915,6.6
916,6.6
917,6.61
918,6.61
919,6.61
920,6.61
921,6.6
922,6.6
923,6.6
924,6.59
925,6.59
926,6.59
927,6.57
928,6.58
929,6.58
930,6.62
931,6.61
932,6.61
933,6.61
934,6.61
935,6.61
936,6.6
937,6.6
938,6.6
939,6.6
940,6.6
941,6.6
942,6.6
943,6.59
944,6.59
945,6.58
946,6.58
947,6.58
948,6.57
949,6.56
950,6.57
951,6.56
952,6.56
953,6.56
954,6.56
955,6.57
956,6.57
957,6.57
958,6.57
959,6.57
960,6.57
961,6.57
962,6.56
963,6.56
964,6.55
965,6.55
966,6.55
967,6.55
968,6.54
969,6.55
970,6.55
971,6.55
972,6.55
973,6.55
974,6.58
975,6.58
976,6.58
977,6.57
978,6.57
979,6.57
980,6.57
981,6.57
982,6.57
983,6.58
984,6.58
985,6.57
986,6.57
987,6.57
988,6.56
989,6.55
990,6.55
991,6.54
992,6.54
993,6.54
994,6.53
995,6.53
996,6.53
997,6.53
998,6.53
999,6.52
1000,6.52
1001,6.52
1002,6.52
1003,6.53
1004,6.53
1005,6.53
1006,6.53
1007,6.53
1008,6.53
1009,6.53
1010,6.53
1011,6.53
1012,6.53
1013,6.53
1014,6.53
1015,6.53
1016,6.53
1017,6.53
1018,6.53
1019,6.53
1020,6.53
1021,6.53
1022,6.53
1023,6.53
1024,6.53
1025,6.53
1026,6.53
1027,6.54
1028,6.53
1029,6.53
1030,6.54
1031,6.54
1032,6.54
1033,6.53
1034,6.53
1035,6.53
1036,6.52
1037,6.52
1038,6.52
1039,6.52
1040,6.52
1041,6.52
1042,6.52
1043,6.53
1044,6.53
1045,6.53
1046,6.52
1047,6.52
1048,6.52
1049,6.52
1050,6.51
1051,6.51
1052,6.52
1053,6.51
1054,6.52
1055,6.51
1056,6.51
1057,6.51
1058,6.51
1059,6.51
1060,6.51
1061,6.51
1062,6.51
1063,6.51
1064,6.51
1065,6.51
1066,6.51
1067,6.51
1068,6.51
1069,6.52
1070,6.52
1071,6.52
1072,6.52
1073,6.52
1074,6.52
1075,6.52
1076,6.52
1077,6.52
1078,6.52
1079,6.52
1080,6.52
1081,6.52
1082,6.52
1083,6.52
1084,6.52
1085,6.48
1086,6.48
1087,6.48
1088,6.48
1089,6.48
1090,6.49
1091,6.49
1092,6.49
1093,6.49
1094,6.49
1095,6.49
1096,6.49
1097,6.49
1098,6.49
1099,6.49
1100,6.49
1101,6.49
1102,6.49
1103,6.48
1104,6.49
1105,6.49
1106,6.49
1107,6.48
1108,6.48
1109,6.49
1110,6.49
1111,6.48
1112,6.48
1113,6.48
1114,6.48
1115,6.48
1116,6.48
1117,6.48
1118,6.48
1119,6.48
1120,6.48
1121,6.48
1122,6.48
1123,6.48
1124,6.47
1125,6.47
1126,6.47
1127,6.49
1128,6.49
1129,6.49
1130,6.48
1131,6.48
1132,6.48
1133,6.48
1134,6.47
1135,6.47
1136,6.46
1137,6.46
1138,6.46
1139,6.45
1140,6.45
1141,6.41
1142,6.42
1143,6.42
1144,6.42
1145,6.43
1146,6.43
1147,6.43
1148,6.44
1149,6.44
1150,6.44
1151,6.44
1152,6.44
1153,6.44
1154,6.45
1155,6.45
1156,6.45
1157,6.45
1158,6.45
1159,6.45
1160,6.44
1161,6.44
1162,6.44
1163,6.43
1164,6.44
1165,6.42
1166,6.42
1167,6.43
1168,6.44
1169,6.44
1170,6.44
1171,6.44
1172,6.44
1173,6.44
1174,6.45
1175,6.45
1176,6.45
1177,6.45
1178,6.46
1179,6.46
1180,6.46
1181,6.45
1182,6.45
1183,6.45
1184,6.45
1185,6.45
1186,6.45
1187,6.44
1188,6.44
1189,6.44
1190,6.44
1191,6.44
1192,6.44
1193,6.44
1194,6.43
1195,6.43
1196,6.43
1197,6.43
1198,6.43
1199,6.43
1200,6.43
1201,6.42
1202,6.42
1203,6.42
1204,6.42
1205,6.42
1206,6.41
1207,6.44
1208,6.44
1209,6.43
1210,6.43
1211,6.44
1212,6.44
1213,6.44
1214,6.45
1215,6.44
1216,6.45
1217,6.44
1218,6.44
1219,6.43
1220,6.43
1221,6.43
1222,6.42
1223,6.42
1224,6.42
1225,6.42
1226,6.42
1227,6.41
1228,6.42
1229,6.42
1230,6.42
1231,6.42
1232,6.41
1233,6.38
1234,6.38
1235,6.38
1236,6.38
1237,6.39
1238,6.39
1239,6.39
1240,6.39
1241,6.39
1242,6.39
1243,6.39
1244,6.39
1245,6.39
1246,6.4
1247,6.44
1248,6.44
1249,6.43
1250,6.43
1251,6.43
1252,6.42
1253,6.42
1254,6.42
1255,6.42
1256,6.41
1257,6.41
1258,6.4
1259,6.4
1260,6.4
1261,6.4
1262,6.4
1263,6.4
1264,6.42
1265,6.42
1266,6.41
1267,6.41
1268,6.4
1269,6.4
1270,6.4
1271,6.38
1272,6.38
1273,6.37
1274,6.37
1275,6.37
1276,6.37
1277,6.37
1278,6.36
1279,6.37
1280,6.37
1281,6.36
1282,6.36
1283,6.36
1284,6.36
1285,6.36
1286,6.36
1287,6.36
1288,6.37
1289,6.37
1290,6.4
1291,6.4
1292,6.4
1293,6.4
1294,6.39
1295,6.39
1296,6.39
1297,6.38
1298,6.39
1299,6.39
1300,6.39
1301,6.42
1302,6.42
1303,6.42
1304,6.41
1305,6.41
1306,6.41
1307,6.4
1308,6.36
1309,6.36
1310,6.36
1311,6.36
1312,6.36
1313,6.37
1314,6.37
1315,6.37
1316,6.37
1317,6.37
1318,6.37
1319,6.37
1320,6.37
1321,6.37
1322,6.37
1323,6.37
1324,6.37
1325,6.37
1326,6.37
1327,6.37
1328,6.36
1329,6.36
1330,6.36
1331,6.36
1332,6.36
1333,6.35
1334,6.35
1335,6.35
1336,6.35
1337,6.35
1338,6.35
1339,6.35
1340,6.35
1341,6.35
1342,6.35
1343,6.36
1344,6.36
1345,6.36
1346,6.36
1347,6.36
1348,6.37
1349,6.37
1350,6.37
1351,6.37
1352,6.37
1353,6.36
1354,6.35
1355,6.35
1356,6.35
1357,6.35
1358,6.35
1359,6.35
1360,6.35
1361,6.34
1362,6.34
1363,6.34
1364,6.33
1365,6.33
1366,6.33
1367,6.33
1368,6.33
1369,6.33
1370,6.33
1371,6.32
1372,6.32
1373,6.27
1374,6.28
1375,6.27
1376,6.28
1377,6.29
1378,6.29
1379,6.29
1380,6.31
1381,6.31
1382,6.31
1383,6.31
1384,6.31
1385,6.32
1386,6.32
1387,6.32
1388,6.33
1389,6.33
1390,6.32
1391,6.32
1392,6.32
1393,6.32
1394,6.33
1395,6.33
1396,6.33
1397,6.32
1398,6.32
1399,6.32
1400,6.32
1401,6.32
1402,6.32
1403,6.31
1404,6.31
1405,6.31
1406,6.31
1407,6.31
1408,6.31
1409,6.31
1410,6.31
1411,6.31
1412,6.31
1413,6.31
1414,6.3
1415,6.3
1416,6.3
1417,6.3
1418,6.31
1419,6.31
1420,6.31
1421,6.31
1422,6.31
1423,6.3
1424,6.3
1425,6.3
1426,6.3
1427,6.3
1428,6.3
1429,6.3
1430,6.3
1431,6.31
1432,6.31
1433,6.31
1434,6.31
1435,6.31
1436,6.31
1437,6.31
1438,6.31
1439,6.31
1440,6.31
1441,6.31
1442,6.31
1443,6.31
1444,6.31
1445,6.31
1446,6.31
1447,6.31
1448,6.3
1449,6.3
1450,6.3
1451,6.31
1452,6.31
1453,6.31
1454,6.31
1455,6.31
1456,6.31
1457,6.3
1458,6.3
1459,6.3
1460,6.29
1461,6.29
1462,6.29
1463,6.29
1464,6.29
1465,6.29
1466,6.29
1467,6.28
1468,6.28
1469,6.28
1470,6.28
1471,6.28
1472,6.27
1473,6.27
1474,6.27
1475,6.27
1476,6.27
1477,6.27
1478,6.28
1479,6.28
1480,6.27
1481,6.28
1482,6.27
1483,6.27
1484,6.28
1485,6.28
1486,6.28
1487,6.28
1488,6.28
1489,6.28
1490,6.28
1491,6.28
1492,6.28
1493,6.28
1494,6.28
1495,6.27
1496,6.28
1497,6.27
1498,6.27
1499,6.27
1500,6.27
1501,6.27
1502,6.27
1503,6.26
1504,6.26
1505,6.26
1506,6.25
1507,6.24
1508,6.25
1509,6.24
1510,6.24
1511,6.24
1512,6.24
1513,6.24
1514,6.24
1515,6.24
1516,6.24
1517,6.24
1518,6.24
1519,6.24
1520,6.24
1521,6.24
1522,6.24
1523,6.25
1524,6.25
1525,6.25
1526,6.25
1527,6.25
1528,6.26
1529,6.26
1530,6.25
1531,6.25
1532,6.26
1533,6.26
1534,6.26
1535,6.26
1536,6.26
1537,6.26
1538,6.27
1539,6.26
1540,6.26
1541,6.26
1542,6.25
1543,6.25
1544,6.24
1545,6.24
1546,6.24
1547,6.24
1548,6.24
1549,6.24
1550,6.25
1551,6.25
1552,6.25
1553,6.25
1554,6.24
1555,6.24
1556,6.24
1557,6.24
1558,6.24
1559,6.24
1560,6.24
1561,6.24
1562,6.23
1563,6.23
1564,6.23
1565,6.23
1566,6.23
1567,6.23
1568,6.23
1569,6.23
1570,6.24
1571,6.24
1572,6.24
1573,6.24
1574,6.23
1575,6.25
1576,6.24
1577,6.24
1578,6.24
1579,6.24
1580,6.24
1581,6.24
1582,6.24
1583,6.24
1584,6.24
1585,6.24
1586,6.24
1587,6.24
1588,6.24
1589,6.24
1590,6.24
1591,6.24
1592,6.24
1593,6.23
1594,6.24
1595,6.23
1596,6.23
1597,6.23
1598,6.22
1599,6.22
1600,6.22
1601,6.22
1602,6.22
1603,6.22
1604,6.22
1605,6.22
1606,6.22
1607,6.22
1608,6.22
1609,6.22
1610,6.22
1611,6.22
1612,6.22
1613,6.22
1614,6.22
1615,6.22
1616,6.22
1617,6.22
1618,6.22
1619,6.22
1620,6.22
1621,6.22
1622,6.22
1623,6.22
1624,6.22
1625,6.22
1626,6.22
1627,6.23
1628,6.23
1629,6.23
1630,6.23
1631,6.22
1632,6.22
1633,6.23
1634,6.22
1635,6.22
1636,6.22
1637,6.22
1638,6.22
1639,6.19
1640,6.19
1641,6.19
1642,6.19
1643,6.19
1644,6.19
1645,6.19
1646,6.18
1647,6.18
1648,6.18
1649,6.18
1650,6.18
1651,6.18
1652,6.18
1653,6.17
1654,6.17
1655,6.17
1656,6.17
1657,6.17
1658,6.16
1659,6.16
1660,6.17
1661,6.18
1662,6.18
1663,6.18
1664,6.18
1665,6.18
1666,6.18
1667,6.19
1668,6.18
1669,6.18
1670,6.18
1671,6.18
1672,6.17
1673,6.17
1674,6.17
1675,6.16
1676,6.16
1677,6.16
1678,6.17
1679,6.18
1680,6.18
1681,6.18
1682,6.18
1683,6.18
1684,6.18
1685,6.18
1686,6.18
1687,6.19
1688,6.18
1689,6.18
1690,6.18
1691,6.18
1692,6.18
1693,6.18
1694,6.18
1695,6.18
1696,6.18
1697,6.18
1698,6.17
1699,6.17
1700,6.17
1701,6.17
1702,6.16
1703,6.16
1704,6.16
1705,6.16
1706,6.16
1707,6.16
1708,6.16
1709,6.16
1710,6.16
1711,6.15
1712,6.16
1713,6.16
1714,6.15
1715,6.15
1716,6.16
1717,6.16
1718,6.16
1719,6.17
1720,6.16
1721,6.17
1722,6.18
1723,6.17
1724,6.18
1725,6.18
1726,6.16
1727,6.17
1728,6.17
1729,6.17
1730,6.16
1731,6.16
1732,6.15
1733,6.15
1734,6.14
1735,6.14
1736,6.14
1737,6.14
1738,6.13
1739,6.13
1740,6.12
1741,6.12
1742,6.11
1743,6.11
1744,6.11
1745,6.11
1746,6.11
1747,6.11
1748,6.11
1749,6.11
1750,6.11
1751,6.12
1752,6.12
1753,6.13
1754,6.13
1755,6.13
1756,6.14
1757,6.14
1758,6.14
1759,6.14
1760,6.14
1761,6.14
1762,6.14
1763,6.13
1764,6.14
1765,6.13
1766,6.14
1767,6.13
1768,6.13
1769,6.13
1770,6.13
1771,6.13
1772,6.13
1773,6.13
1774,6.13
1775,6.13
1776,6.13
1777,6.13
1778,6.13
1779,6.13
1780,6.13
1781,6.13
1782,6.14
1783,6.13
1784,6.13
1785,6.13
1786,6.13
1787,6.13
1788,6.13
1789,6.13
1790,6.12
1791,6.12
1792,6.12
1793,6.12
1794,6.12
1795,6.12
1796,6.12
1797,6.12
1798,6.12
1799,6.11
1800,6.11
1801,6.11
1802,6.11
1803,6.11
1804,6.11
1805,6.11
1806,6.11
1807,6.11
1808,6.11
1809,6.11
1810,6.11
1811,6.11
1812,6.11
1813,6.11
1814,6.1
1815,6.1
1816,6.1
1817,6.11
1818,6.11
1819,6.11
1820,6.11
1821,6.12
1822,6.12
1823,6.11
1824,6.12
1825,6.11
1826,6.11
1827,6.1
1828,6.1
1829,6.11
1830,6.11
1831,6.11
1832,6.11
1833,6.11
1834,6.11
1835,6.11
1836,6.1
1837,6.1
1838,6.1
1839,6.1
1840,6.1
1841,6.1
1842,6.1
1843,6.09
1844,6.09
1845,6.09
1846,6.09
1847,6.09
1848,6.09
1849,6.1
1850,6.1
1851,6.1
1852,6.1
1853,6.1
1854,6.1
1855,6.11
1856,6.1
1857,6.1
1858,6.1
1859,6.1
1860,6.09
1861,6.09
1862,6.08
1863,6.08
1864,6.08
1865,6.08
1866,6.08
1867,6.09
1868,6.08
1869,6.08
1870,6.08
1871,6.08
1872,6.08
1873,6.07
1874,6.07
1875,6.07
1876,6.07
1877,6.07
1878,6.06
1879,6.06
1880,6.06
1881,6.07
1882,6.06
1883,6.06
1884,6.06
1885,6.06
1886,6.06
1887,6.05
1888,6.05
1889,6.05
1890,6.05
1891,6.05
1892,6.05
1893,6.05
1894,6.06
1895,6.06
1896,6.06
1897,6.06
1898,6.06
1899,6.07
1900,6.08
1901,6.08
1902,6.09
1903,6.09
1904,6.1
1905,6.11
1906,6.12
1907,6.13
1908,6.13
1909,6.14
1910,6.15
1911,6.17
1912,6.18
1913,6.22
1914,6.23
1915,6.23
1916,6.24
1917,6.25
1918,6.26
1919,6.27
1920,6.28
1921,6.28
1922,6.3
1923,6.3
1924,6.31
1925,6.32
1926,6.33
1927,6.35
1928,6.35
1929,6.36
1930,6.38
1931,6.38
1932,6.38
1933,6.39
1934,6.4
1935,6.41
1936,6.42
1937,6.43
1938,6.45
1939,6.45
1940,6.46
1941,6.47
1942,6.48
1943,6.49
1944,6.49
1945,6.5
1946,6.5
1947,6.5
1948,6.51
1949,6.52
1950,6.52
1951,6.53
1952,6.54
1953,6.55
1954,6.56
1955,6.57
1956,6.58
1957,6.59
1958,6.6
1959,6.61
1960,6.62
1961,6.63
1962,6.65
1963,6.66
1964,6.75
1965,6.76
1966,6.75
1967,6.75
1968,6.75
1969,6.75
1970,6.75
1971,6.76
1972,6.77
1973,6.77
1974,6.77
1975,6.77
1976,6.78
1977,6.78
1978,6.78
1979,6.78
1980,6.79
1981,6.79
1982,6.8
1983,6.83
1984,6.83
1985,6.83
1986,6.83
1987,6.83
1988,6.83
1989,6.84
1990,6.87
1991,6.87
1992,6.87
1993,6.87
1994,6.87
1995,6.87
1996,6.87
1997,6.87
1998,6.87
1999,6.87
2000,6.88
2001,6.89
2002,6.9
2003,6.9
2004,6.94
2005,6.94
2006,6.94
2007,6.94
2008,6.94
2009,6.94
2010,6.94
2011,6.94
2012,6.94
2013,6.94
2014,6.94
2015,6.94
2016,6.95
2017,6.95
2018,6.95
2019,6.96
2020,6.96
2021,6.96
2022,6.96
2023,6.96
2024,7.02
2025,7.02
2026,7.02
2027,7.02
2028,7.02
2029,7.03
2030,7.04
2031,7.04
2032,7.08
2033,7.08
2034,7.08
2035,7.09
2036,7.09
2037,7.09
2038,7.09
2039,7.1
2040,7.1
2041,7.14
2042,7.14
2043,7.13
2044,7.13
2045,7.13
2046,7.12
2047,7.12
2048,7.12
2049,7.12
2050,7.11
2051,7.11
2052,7.12
2053,7.13
2054,7.13
2055,7.13
2056,7.12
2057,7.15
2058,7.12
2059,7.12
2060,7.09
2061,7.1
2062,7.11
2063,7.11
2064,7.1
2065,7.1
2066,7.1
2067,7.1
2068,7.1
2069,7.1
2070,7.1
2071,7.1
2072,7.12
2073,7.11
2074,7.11
2075,7.09
2076,7.09
2077,7.1
2078,7.1
2079,7.13
2080,7.1
2081,7.1
2082,7.1
2083,7.1
2084,7.12
2085,7.12
2086,7.12
2087,7.15
2088,7.15
2089,7.15
2090,7.15
2091,7.15
2092,7.19
2093,7.16
2094,7.16
2095,7.16
2096,7.17
2097,7.16
2098,7.18
2099,7.22
2100,7.22
2101,7.22
2102,7.22
2103,7.22
2104,7.22
2105,7.22
2106,7.22
2107,7.21
2108,7.21
2109,7.21
2110,7.21
2111,7.21
2112,7.21
2113,7.21
2114,7.21
2115,7.22
2116,7.22
2117,7.22
2118,7.21
2119,7.21
2120,7.21
2121,7.18
2122,7.19
2123,7.18
2124,7.18
2125,7.21
2126,7.21
2127,7.21
2128,7.2
2129,7.18
2130,7.18
2131,7.24
2132,7.23
2133,7.23
2134,7.23
2135,7.23
2136,7.23
2137,7.22
2138,7.22
2139,7.21
2140,7.21
2141,7.2
2142,7.2
2143,7.2
2144,7.2
2145,7.23
2146,7.23
2147,7.22
2148,7.22
2149,7.25
2150,7.25
2151,7.24
2152,7.21
2153,7.21
2154,7.21
2155,7.21
2156,7.19
2157,7.19
2158,7.19
2159,7.19
2160,7.19
2161,7.14
2162,7.17
2163,7.17
2164,7.16
2165,7.19
2166,7.16
2167,7.21
2168,7.16
2169,7.16
2170,7.17
2171,7.19
2172,7.19
2173,7.19
2174,7.2
2175,7.2
2176,7.2
2177,7.18
2178,7.22
2179,7.21
2180,7.23
2181,7.19
2182,7.19
2183,7.19
2184,7.19
2185,7.19
2186,7.19
2187,7.19
2188,7.2
2189,7.17
2190,7.17
2191,7.17
2192,7.17
2193,7.17
2194,7.17
2195,7.17
2196,7.17
2197,7.14
2198,7.14
2199,7.14
2200,7.14
2201,7.15
2202,7.15
2203,7.15
2204,7.17
2205,7.17
2206,7.18
2207,7.18
2208,7.18
2209,7.18
2210,7.18
2211,7.17
2212,7.17
2213,7.17
2214,7.16
2215,7.17
2216,7.16
2217,7.16
2218,7.16
2219,7.16
2220,7.16
2221,7.17
2222,7.18
2223,7.19
2224,7.18
2225,7.18
2226,7.18
2227,7.18
2228,7.14
2229,7.2
2230,7.19
2231,7.19
2232,7.19
2233,7.19
2234,7.19
2235,7.15
2236,7.16
2237,7.14
2238,7.14
2239,7.12
2240,7.12
2241,7.18
2242,7.13
2243,7.14
2244,7.14
2245,7.15
2246,7.15
2247,7.15
2248,7.15
2249,7.15
2250,7.15
2251,7.15
2252,7.15
2253,7.14
2254,7.14
2255,7.14
2256,7.13
2257,7.11
2258,7.13
2259,7.13
2260,7.13
2261,7.14
2262,7.14
2263,7.13
2264,7.13
2265,7.14
2266,7.16
2267,7.15
2268,7.13
2269,7.16
2270,7.16
2271,7.16
2272,7.15
2273,7.16
2274,7.16
2275,7.16
2276,7.16
2277,7.19
2278,7.18
2279,7.12
2280,7.13
2281,7.13
2282,7.11
2283,7.12
2284,7.13
2285,7.13
2286,7.14
2287,7.14
2288,7.14
2289,7.15
2290,7.15
2291,7.15
2292,7.15
2293,7.15
2294,7.16
2295,7.13
2296,7.18
2297,7.18
2298,7.17
2299,7.12
2300,7.12
2301,7.12
2302,7.14
2303,7.14
2304,7.13
2305,7.13
2306,7.12
2307,7.1
2308,7.1
2309,7.1
2310,7.1
2311,7.07
2312,7.08
2313,7.1
2314,7.06
2315,7.07
2316,7.08
2317,7.08
2318,7.09
2319,7.09
2320,7.1
2321,7.1
2322,7.1
2323,7.1
2324,7.1
2325,7.1
2326,7.11
2327,7.11
2328,7.1
2329,7.1
2330,7.1
2331,7.1
2332,7.1
2333,7.11
2334,7.11
2335,7.1
2336,7.1
2337,7.1
2338,7.1
2339,7.1
2340,7.08
2341,7.12
2342,7.12
2343,7.11
2344,7.11
2345,7.15
2346,7.14
2347,7.13
2348,7.09
2349,7.09
2350,7.07
2351,7.08
2352,7.08
2353,7.09
2354,7.09
2355,7.09
2356,7.09
2357,7.1
2358,7.1
2359,7.09
2360,7.09
2361,7.09
2362,7.1
2363,7.09
2364,7.09
2365,7.09
2366,7.09
2367,7.1
2368,7.1
2369,7.1
2370,7.1
2371,7.09
2372,7.08
2373,7.09
2374,7.08
2375,7.08
2376,7.08
2377,7.09
2378,7.09
2379,7.08
2380,7.08
2381,7.09
2382,7.08
2383,7.08
2384,7.08
2385,7.08
2386,7.08
2387,7.05
2388,7.04
2389,7.05
2390,7.05
2391,7.05
2392,7.05
2393,7.05
2394,7.05
2395,7.05
2396,7.05
2397,7.05
2398,7.05
2399,7.05
2400,7.05
2401,7.06
2402,7.06
2403,7.07
2404,7.06
2405,7.06
2406,7.06
2407,7.06
2408,7.06
2409,7.06
2410,7.07
2411,7.06
2412,7.06
2413,7.06
2414,7.06
2415,7.08
2416,7.08
2417,7.08
2418,7.08
2419,7.08
2420,7.08
2421,7.08
2422,7.08
2423,7.07
2424,7.06
2425,7.06
2426,7.06
2427,7.05
2428,7.05
2429,7.05
2430,7.05
2431,7.05
2432,7.05
2433,7.07
2434,7.06
2435,7.06
2436,7.06
2437,7.06
2438,7.05
2439,7.05
2440,7.05
2441,7.05
2442,7.04
2443,7.04
2444,7.04
2445,7.04
2446,7.04
2447,7.03
2448,7.03
2449,7.02
2450,7.02
2451,7.07
2452,7.02
2453,7.02
2454,7.03
2455,7.03
2456,7.03
2457,7.03
2458,7.03
2459,7.05
2460,7.01
2461,7.05
2462,7.06
2463,7.06
2464,7.05
2465,7.05
2466,7.04
2467,7.04
2468,7.04
2469,7.04
2470,7.04
2471,7.03
2472,6.99
2473,6.99
2474,7
2475,7
2476,7.01
2477,6.97
2478,6.98
2479,7.02
2480,7.02
2481,7.02
2482,7.02
2483,7.02
2484,7.02
2485,7.02
2486,7.02
2487,7.02
2488,6.97
2489,6.98
2490,6.99
2491,6.99
2492,6.99
2493,6.99
2494,7
2495,6.99
2496,6.99
2497,6.98
2498,6.98
2499,6.98
2500,7.01
2501,7.01
2502,7.02
2503,7.02
2504,7.02
2505,7.02
2506,7.01
2507,7
2508,7
2509,7
2510,7.01
2511,7
2512,6.99
2513,6.99
2514,6.99
2515,6.99
2516,6.99
2517,6.99
2518,7
2519,6.98
2520,6.98
2521,6.98
2522,6.98
2523,6.98
2524,6.97
2525,7.01
2526,6.99
2527,6.99
2528,6.99
2529,6.99
2530,6.99
2531,6.98
2532,6.98
2533,6.97
2534,6.98
2535,6.97
2536,6.97
2537,6.97
2538,6.97
2539,6.97
2540,6.97
2541,6.97
2542,6.98
2543,6.98
2544,6.98
2545,6.98
2546,6.98
2547,6.98
2548,6.98
2549,7.01
2550,7
2551,6.99
2552,6.99
2553,6.99
2554,6.99
2555,6.99
2556,6.99
2557,6.99
2558,6.96
2559,6.96
2560,6.96
2561,6.96
2562,6.96
2563,6.96
2564,6.96
2565,6.96
2566,6.96
2567,6.96
2568,6.96
2569,6.96
2570,6.96
2571,6.99
2572,6.98
2573,6.98
2574,6.97
2575,6.97
2576,6.92
2577,6.92
2578,6.94
2579,6.97
2580,6.95
2581,6.95
2582,6.94
2583,6.94
2584,6.94
2585,6.94
2586,6.94
2587,6.96
2588,6.97
2589,6.97
2590,6.96
2591,6.97
2592,6.96
2593,6.96
2594,6.96
2595,6.91
2596,6.91
2597,6.92
2598,6.92
2599,6.93
2600,6.93
2601,6.94
2602,6.94
2603,6.94
2604,6.95
2605,6.94
2606,6.94
2607,6.95
2608,6.95
2609,6.95
2610,6.95
2611,6.95
2612,6.95
2613,6.95
2614,6.94
2615,6.93
2616,6.92
2617,6.93
2618,6.92
2619,6.92
2620,6.92
2621,6.9
2622,6.94
2623,6.94
2624,6.91
2625,6.91
2626,6.91
2627,6.91
2628,6.92
2629,6.92
2630,6.92
2631,6.92
2632,6.92
2633,6.92
2634,6.92
2635,6.91
2636,6.91
2637,6.91
2638,6.91
2639,6.91
2640,6.91
2641,6.91
2642,6.91
2643,6.92
2644,6.92
2645,6.92
2646,6.92
2647,6.92
2648,6.92
2649,6.92
2650,6.92
2651,6.92
2652,6.91
2653,6.91
2654,6.91
2655,6.91
2656,6.91
2657,6.91
2658,6.92
2659,6.93
2660,6.94
2661,6.94
2662,6.95
2663,6.95
2664,6.94
2665,6.94
2666,6.94
2667,6.94
2668,6.94
2669,6.87
2670,6.87
2671,6.88
2672,6.88
2673,6.88
2674,6.88
2675,6.88
2676,6.88
2677,6.89
2678,6.9
2679,6.91
2680,6.91
2681,6.91
2682,6.93
2683,6.93
2684,6.88
2685,6.9
2686,6.9
2687,6.9
2688,6.91
2689,6.89
2690,6.9
2691,6.9
2692,6.91
2693,6.91
2694,6.91
2695,6.91
2696,6.91
2697,6.9
2698,6.89
2699,6.89
2700,6.89
2701,6.89
2702,6.9
2703,6.9
2704,6.9
2705,6.9
2706,6.9
2707,6.9
2708,6.9
2709,6.89
2710,6.9
2711,6.89
2712,6.89
2713,6.89
2714,6.89
2715,6.88
2716,6.89
2717,6.9
2718,6.89
2719,6.9
2720,6.85
2721,6.86
2722,6.86
2723,6.86
2724,6.87
2725,6.87
2726,6.87
2727,6.87
2728,6.87
2729,6.87
2730,6.87
2731,6.87
2732,6.86
2733,6.85
2734,6.85
2735,6.85
2736,6.85
2737,6.85
2738,6.85
2739,6.85
2740,6.84
2741,6.85
2742,6.85
2743,6.86
2744,6.85
2745,6.85
2746,6.85
2747,6.85
2748,6.84
2749,6.86
2750,6.86
2751,6.86
2752,6.84
2753,6.84
2754,6.85
2755,6.85
2756,6.85
2757,6.85
2758,6.85
2759,6.88
2760,6.87
2761,6.87
2762,6.87
2763,6.86
2764,6.85
2765,6.85
2766,6.84
2767,6.84
2768,6.85
2769,6.85
2770,6.85
2771,6.84
2772,6.83
2773,6.83
2774,6.82
2775,6.82
2776,6.81
2777,6.81
2778,6.81
2779,6.81
2780,6.81
2781,6.82
2782,6.82
2783,6.82
2784,6.82
2785,6.82
2786,6.84
2787,6.84
2788,6.84
2789,6.84
2790,6.83
2791,6.83
2792,6.83
2793,6.83
2794,6.83
2795,6.81
2796,6.81
2797,6.82
2798,6.82
2799,6.82
2800,6.81
2801,6.83
2802,6.83
2803,6.82
2804,6.82
2805,6.82
2806,6.82
2807,6.82
2808,6.82
2809,6.82
2810,6.82
2811,6.81
2812,6.81
2813,6.81
2814,6.81
2815,6.8
2816,6.8
2817,6.8
2818,6.8
2819,6.79
2820,6.79
2821,6.79
2822,6.79
2823,6.79
2824,6.79
2825,6.79
2826,6.79
2827,6.79
2828,6.8
2829,6.81
2830,6.82
2831,6.81
2832,6.79
2833,6.79
2834,6.8
2835,6.81
2836,6.81
2837,6.81
2838,6.81
2839,6.81
2840,6.81
2841,6.81
2842,6.81
2843,6.81
2844,6.81
2845,6.81
2846,6.81
2847,6.81
2848,6.82
2849,6.81
2850,6.82
2851,6.81
2852,6.81
2853,6.81
2854,6.79
2855,6.79
2856,6.79
2857,6.79
2858,6.79
2859,6.79
2860,6.81
2861,6.8
2862,6.79
2863,6.79
2864,6.79
2865,6.79
2866,6.79
2867,6.78
2868,6.77
2869,6.77
2870,6.77
2871,6.77
2872,6.77
2873,6.77
2874,6.77
2875,6.76
2876,6.76
2877,6.77
2878,6.79
2879,6.79
2880,6.79
2881,6.79
2882,6.78
2883,6.78
2884,6.78
2885,6.78
2886,6.78
2887,6.78
2888,6.78
2889,6.78
2890,6.78
2891,6.77
2892,6.77
2893,6.77
2894,6.77
2895,6.77
2896,6.77
2897,6.77
2898,6.77
2899,6.76
2900,6.76
2901,6.75
2902,6.75
2903,6.76
2904,6.75
2905,6.75
2906,6.74
2907,6.74
2908,6.74
2909,6.74
2910,6.73
2911,6.74
2912,6.73
2913,6.74
2914,6.74
2915,6.74
2916,6.73
2917,6.73
2918,6.74
2919,6.73
2920,6.74
2921,6.74
2922,6.76
2923,6.76
2924,6.75
2925,6.75
2926,6.75
2927,6.75
2928,6.75
2929,6.74
2930,6.74
2931,6.74
2932,6.74
2933,6.75
2934,6.74
2935,6.75
2936,6.73
2937,6.74
2938,6.74
2939,6.74
2940,6.74
2941,6.74
2942,6.74
2943,6.74
2944,6.73
2945,6.73
2946,6.72
2947,6.72
2948,6.72
2949,6.72
2950,6.72
2951,6.72
2952,6.72
2953,6.73
2954,6.73
2955,6.72
2956,6.72
2957,6.72
2958,6.71
2959,6.71
2960,6.71
2961,6.71
2962,6.7
2963,6.71
2964,6.71
2965,6.7
2966,6.71
2967,6.71
2968,6.71
2969,6.71
2970,6.71
2971,6.71
2972,6.71
2973,6.71
2974,6.71
2975,6.71
2976,6.72
2977,6.72
2978,6.71
2979,6.71
2980,6.71
2981,6.71
2982,6.71
2983,6.71
2984,6.7
2985,6.7
2986,6.7
2987,6.7
2988,6.7
2989,6.69
2990,6.69
2991,6.7
2992,6.7
2993,6.7
2994,6.7
2995,6.68
2996,6.68
2997,6.68
2998,6.68
2999,6.68
3000,6.68
3001,6.68
3002,6.68
3003,6.68
3004,6.68
3005,6.69
3006,6.69
3007,6.69
3008,6.69
3009,6.69
3010,6.68
3011,6.68
3012,6.68
3013,6.67
3014,6.66
3015,6.66
3016,6.66
3017,6.67
3018,6.67
3019,6.66
3020,6.67
3021,6.67
3022,6.67
3023,6.67
3024,6.71
3025,6.7
3026,6.7
3027,6.7
3028,6.7
3029,6.7
3030,6.7
3031,6.7
3032,6.69
3033,6.69
3034,6.69
3035,6.69
3036,6.7
3037,6.7
3038,6.7
3039,6.69
3040,6.69
3041,6.68
3042,6.68
3043,6.68
3044,6.68
3045,6.67
3046,6.67
3047,6.67
3048,6.67
3049,6.66
3050,6.66
3051,6.66
3052,6.66
3053,6.65
3054,6.65
3055,6.65
3056,6.65
3057,6.64
3058,6.64
3059,6.6
3060,6.6
3061,6.61
3062,6.61
3063,6.61
3064,6.62
3065,6.62
3066,6.62
3067,6.62
3068,6.62
3069,6.63
3070,6.63
3071,6.63
3072,6.63
3073,6.63
3074,6.63
3075,6.64
3076,6.64
3077,6.65
3078,6.65
3079,6.66
3080,6.65
3081,6.65
3082,6.66
3083,6.66
3084,6.66
3085,6.66
3086,6.66
3087,6.67
3088,6.67
3089,6.67
3090,6.67
3091,6.66
3092,6.63
3093,6.64
3094,6.64
3095,6.64
3096,6.64
3097,6.63
3098,6.63
3099,6.63
3100,6.63
3101,6.62
3102,6.62
3103,6.62
3104,6.62
3105,6.62
3106,6.62
3107,6.63
3108,6.63
3109,6.63
3110,6.62
3111,6.63
3112,6.63
3113,6.62
3114,6.62
3115,6.62
3116,6.62
3117,6.61
3118,6.61
3119,6.61
3120,6.61
3121,6.62
3122,6.62
3123,6.62
3124,6.62
3125,6.62
3126,6.62
3127,6.62
3128,6.62
3129,6.62
3130,6.63
3131,6.63
3132,6.63
3133,6.64
3134,6.64
3135,6.64
3136,6.64
3137,6.64
3138,6.64
3139,6.64
3140,6.64
3141,6.64
3142,6.64
3143,6.64
3144,6.64
3145,6.64
3146,6.64
3147,6.63
3148,6.62
3149,6.62
3150,6.61
3151,6.61
3152,6.61
3153,6.61
3154,6.61
3155,6.61
3156,6.61
3157,6.61
3158,6.61
3159,6.61
3160,6.61
3161,6.61
3162,6.61
3163,6.61
3164,6.61
3165,6.61
3166,6.6
3167,6.6
3168,6.6
3169,6.6
3170,6.61
3171,6.6
3172,6.61
3173,6.6
3174,6.6
3175,6.59
3176,6.59
3177,6.59
3178,6.59
3179,6.59
3180,6.59
3181,6.58
3182,6.59
3183,6.61
3184,6.6
3185,6.6
3186,6.6
3187,6.6
3188,6.6
3189,6.6
3190,6.59
3191,6.59
3192,6.61
3193,6.6
3194,6.6
3195,6.59
3196,6.58
3197,6.58
3198,6.58
3199,6.58
3200,6.58
3201,6.58
3202,6.58
3203,6.58
3204,6.58
3205,6.58
3206,6.58
3207,6.58
3208,6.58
3209,6.57
3210,6.57
3211,6.57
3212,6.57
3213,6.58
3214,6.58
3215,6.58
3216,6.59
3217,6.59
3218,6.59
3219,6.59
3220,6.59
3221,6.59
3222,6.59
3223,6.59
3224,6.59
3225,6.59
3226,6.56
3227,6.56
3228,6.57
3229,6.57
3230,6.57
3231,6.56
3232,6.56
3233,6.56
3234,6.56
3235,6.56
3236,6.56
3237,6.56
3238,6.55
3239,6.55
3240,6.55
3241,6.55
3242,6.55
3243,6.54
3244,6.52
3245,6.52
3246,6.53
3247,6.53
3248,6.53
3249,6.53
3250,6.53
3251,6.54
3252,6.54
3253,6.54
3254,6.54
3255,6.54
3256,6.54
3257,6.54
3258,6.54
3259,6.54
3260,6.53
3261,6.53
3262,6.53
3263,6.53
3264,6.53
3265,6.53
3266,6.53
3267,6.54
3268,6.53
3269,6.53
3270,6.53
3271,6.53
3272,6.53
3273,6.53
3274,6.53
3275,6.53
3276,6.53
3277,6.53
3278,6.53
3279,6.53
3280,6.53
3281,6.53
3282,6.53
3283,6.54
3284,6.53
3285,6.54
3286,6.54
3287,6.54
3288,6.53
3289,6.53
3290,6.53
3291,6.53
3292,6.53
3293,6.53
3294,6.53
3295,6.53
3296,6.53
3297,6.53
3298,6.52
3299,6.52
3300,6.52
3301,6.52
3302,6.52
3303,6.53
3304,6.52
3305,6.53
3306,6.53
3307,6.53
3308,6.53
3309,6.53
3310,6.52
3311,6.53
3312,6.52
3313,6.52
3314,6.52
3315,6.52
3316,6.52
3317,6.52
3318,6.52
3319,6.52
3320,6.52
3321,6.52
3322,6.52
3323,6.52
3324,6.52
3325,6.52
3326,6.52
3327,6.52
3328,6.51
3329,6.51
3330,6.51
3331,6.51
3332,6.51
3333,6.51
3334,6.51
3335,6.5
3336,6.5
3337,6.5
3338,6.5
3339,6.49
3340,6.45
3341,6.46
3342,6.46
3343,6.46
3344,6.47
3345,6.46
3346,6.47
3347,6.47
3348,6.48
3349,6.48
3350,6.48
3351,6.49
3352,6.49
3353,6.5
3354,6.51
3355,6.51
3356,6.51
3357,6.51
3358,6.51
3359,6.52
3360,6.52
3361,6.52
3362,6.52
3363,6.52
3364,6.52
3365,6.52
3366,6.52
3367,6.52
3368,6.52
3369,6.52
3370,6.52
3371,6.52
3372,6.51
3373,6.51
3374,6.51
3375,6.5
3376,6.5
3377,6.49
3378,6.49
3379,6.48
3380,6.48
3381,6.47
3382,6.47
3383,6.47
3384,6.47
3385,6.47
3386,6.47
3387,6.47
3388,6.47
3389,6.47
3390,6.47
3391,6.47
3392,6.47
3393,6.48
3394,6.48
3395,6.49
3396,6.49
3397,6.49
3398,6.49
3399,6.49
3400,6.49
3401,6.49
3402,6.49
3403,6.49
3404,6.49
3405,6.49
3406,6.49
3407,6.48
3408,6.48
3409,6.48
3410,6.47
3411,6.47
3412,6.48
3413,6.48
3414,6.48
3415,6.48
3416,6.48
3417,6.47
3418,6.47
3419,6.47
3420,6.46
3421,6.45
3422,6.45
3423,6.45
3424,6.45
3425,6.44
3426,6.42
3427,6.43
3428,6.43
3429,6.44
3430,6.44
3431,6.43
3432,6.44
3433,6.44
3434,6.44
3435,6.43
3436,6.44
3437,6.44
3438,6.44
3439,6.44
3440,6.44
3441,6.45
3442,6.45
3443,6.45
3444,6.45
3445,6.46
3446,6.46
3447,6.46
3448,6.46
3449,6.46
3450,6.46
3451,6.45
3452,6.45
3453,6.45
3454,6.45
3455,6.47
3456,6.47
3457,6.47
3458,6.47
3459,6.46
3460,6.46
3461,6.46
3462,6.46
3463,6.45
3464,6.45
3465,6.45
3466,6.44
3467,6.44
3468,6.44
3469,6.44
3470,6.43
3471,6.44
3472,6.43
3473,6.43
3474,6.44
3475,6.43
3476,6.44
3477,6.44
3478,6.44
3479,6.41
3480,6.42
3481,6.42
3482,6.42
3483,6.43
3484,6.43
3485,6.43
3486,6.42
3487,6.42
3488,6.42
3489,6.42
3490,6.42
3491,6.42
3492,6.42
3493,6.42
3494,6.43
3495,6.43
3496,6.43
3497,6.43
3498,6.43
3499,6.43
3500,6.43
3501,6.43
3502,6.43
3503,6.43
3504,6.43
3505,6.43
3506,6.42
3507,6.42
3508,6.41
3509,6.37
3510,6.38
3511,6.39
3512,6.4
3513,6.42
3514,6.43
3515,6.44
3516,6.44
3517,6.45
3518,6.46
3519,6.46
3520,6.47
3521,6.47
3522,6.46
3523,6.47
3524,6.46
3525,6.46
3526,6.45
3527,6.45
3528,6.45
3529,6.44
3530,6.44
3531,6.43
3532,6.42
3533,6.41
3534,6.4
3535,6.4
3536,6.39
3537,6.38
3538,6.38
3539,6.39
3540,6.39
3541,6.39
3542,6.39
3543,6.38
3544,6.38
3545,6.38
3546,6.38
3547,6.38
3548,6.38
3549,6.38
3550,6.38
3551,6.38
3552,6.38
3553,6.39
3554,6.39
3555,6.39
3556,6.39
3557,6.39
3558,6.4
3559,6.4
3560,6.4
3561,6.41
3562,6.42
3563,6.42
3564,6.42
3565,6.44
3566,6.44
3567,6.44
3568,6.44
3569,6.45
3570,6.49
3571,6.49
3572,6.49
3573,6.49
3574,6.5
3575,6.5
3576,6.51
3577,6.51
3578,6.52
3579,6.52
3580,6.53
3581,6.54
3582,6.55
3583,6.56
3584,6.57
3585,6.58
3586,6.6
3587,6.61
3588,6.62
3589,6.64
3590,6.65
3591,6.66
3592,6.66
3593,6.67
3594,6.68
3595,6.7
3596,6.7
3597,6.71
3598,6.72
3599,6.73
3600,6.74
3601,6.75
3602,6.76
3603,6.77
3604,6.78
3605,6.78
3606,6.83
3607,6.82
3608,6.82
3609,6.82
3610,6.81
3611,6.81
3612,6.83
3613,6.83
3614,6.83
3615,6.83
3616,6.83
3617,6.84
3618,6.84
3619,6.84
3620,6.85
3621,6.86
3622,6.86
3623,6.87
3624,6.87
3625,6.92
3626,6.93
3627,6.93
3628,6.91
3629,6.92
3630,6.93
3631,6.93
3632,6.94
3633,6.94
3634,6.94
3635,6.94
3636,6.97
3637,6.97
3638,6.97
3639,6.98
3640,6.98
3641,6.99
3642,6.99
3643,7.01
3644,7.01
3645,7.06
3646,7.05
3647,7.05
3648,7.04
3649,7.04
3650,7.04
3651,7.04
3652,7.03
3653,7.03
3654,7.04
3655,7.01
3656,7.03
3657,7.03
3658,7.02
3659,7.03
3660,7.03
3661,7.04
3662,7.04
3663,7.04
3664,7.05
3665,7.03
3666,7.04
3667,7.04
3668,7.05
3669,7.05
3670,7.06
3671,7.06
3672,7.07
3673,7.06
3674,7.07
3675,7.13
3676,7.12
3677,7.13
3678,7.13
3679,7.12
3680,7.12
3681,7.11
3682,7.11
3683,7.1
3684,7.1
3685,7.1
3686,7.1
3687,7.1
3688,7.12
3689,7.12
3690,7.12
3691,7.13
3692,7.16
3693,7.15
3694,7.14
3695,7.15
3696,7.15
3697,7.15
3698,7.15
3699,7.14
3700,7.16
3701,7.16
3702,7.17
3703,7.17
3704,7.15
3705,7.15
3706,7.2
3707,7.2
3708,7.19
3709,7.19
3710,7.16
3711,7.17
3712,7.21
3713,7.2
3714,7.2
3715,7.18
3716,7.18
3717,7.18
3718,7.19
3719,7.19
3720,7.19
3721,7.21
3722,7.25
3723,7.25
3724,7.24
3725,7.24
3726,7.24
3727,7.23
3728,7.19
3729,7.2
3730,7.22
3731,7.26
3732,7.26
3733,7.26
3734,7.25
3735,7.25
3736,7.25
3737,7.25
3738,7.25
3739,7.25
3740,7.25
3741,7.24
3742,7.24
3743,7.23
3744,7.23
3745,7.22
3746,7.22
3747,7.22
3748,7.22
3749,7.22
3750,7.22
3751,7.22
3752,7.22
3753,7.22
3754,7.21
3755,7.21
3756,7.18
3757,7.18
3758,7.16
3759,7.15
3760,7.16
3761,7.17
3762,7.18
3763,7.18
3764,7.19
3765,7.2
3766,7.21
3767,7.2
3768,7.2
3769,7.2
3770,7.2
3771,7.2
3772,7.21
3773,7.21
3774,7.21
3775,7.21
3776,7.21
3777,7.21
3778,7.2
3779,7.21
3780,7.21
3781,7.21
3782,7.22
3783,7.22
3784,7.22
3785,7.22
3786,7.21
3787,7.21
3788,7.21
3789,7.21
3790,7.21
3791,7.21
3792,7.23
3793,7.2
3794,7.18
3795,7.18
3796,7.18
3797,7.18
3798,7.21
3799,7.2
3800,7.2
3801,7.2
3802,7.2
3803,7.2
3804,7.21
3805,7.21
3806,7.21
3807,7.21
3808,7.17
3809,7.17
3810,7.2
3811,7.2
3812,7.19
3813,7.19
3814,7.18
3815,7.18
3816,7.18
3817,7.19
3818,7.19
3819,7.2
3820,7.2
3821,7.2
3822,7.2
3823,7.21
3824,7.2
3825,7.21
3826,7.2
3827,7.18
3828,7.19
3829,7.19
3830,7.19
3831,7.17
3832,7.18
3833,7.18
3834,7.18
3835,7.15
3836,7.15
3837,7.16
3838,7.16
3839,7.17
3840,7.17
3841,7.18
3842,7.18
3843,7.18
3844,7.23
3845,7.22
3846,7.22
3847,7.21
3848,7.21
3849,7.2
3850,7.2
3851,7.19
3852,7.19
3853,7.18
3854,7.19
3855,7.17
3856,7.16
3857,7.16
3858,7.16
3859,7.15
3860,7.15
3861,7.14
3862,7.14
3863,7.13
3864,7.13
3865,7.18
3866,7.18
3867,7.15
3868,7.2
3869,7.2
3870,7.2
3871,7.19
3872,7.24
3873,7.23
3874,7.18
3875,7.18
3876,7.19
3877,7.19
3878,7.18
3879,7.19
3880,7.19
3881,7.19
3882,7.18
3883,7.19
3884,7.19
3885,7.18
3886,7.18
3887,7.18
3888,7.18
3889,7.17
3890,7.18
3891,7.19
3892,7.13
3893,7.17
3894,7.11
3895,7.12
3896,7.12
3897,7.13
3898,7.18
3899,7.17
3900,7.16
3901,7.13
3902,7.13
3903,7.13
3904,7.13
3905,7.14
3906,7.14
3907,7.14
3908,7.14
3909,7.14
3910,7.14
3911,7.14
3912,7.14
3913,7.14
3914,7.16
3915,7.16
3916,7.17
3917,7.17
3918,7.15
3919,7.15
3920,7.15
3921,7.15
3922,7.13
3923,7.14
3924,7.14
3925,7.15
3926,7.15
3927,7.14
3928,7.13
3929,7.18
3930,7.17
3931,7.17
3932,7.15
3933,7.15
3934,7.16
3935,7.16
3936,7.16
3937,7.14
3938,7.13
3939,7.14
3940,7.14
3941,7.14
3942,7.13
3943,7.12
3944,7.14
3945,7.14
3946,7.13
3947,7.12
3948,7.12
3949,7.11
3950,7.11
3951,7.11
3952,7.11
3953,7.11
3954,7.11
3955,7.11
3956,7.11
3957,7.11
3958,7.11
3959,7.11
3960,7.16
3961,7.16
3962,7.14
3963,7.14
3964,7.14
3965,7.14
3966,7.14
3967,7.19
3968,7.19
3969,7.18
3970,7.17
3971,7.17
3972,7.16
3973,7.16
3974,7.15
3975,7.15
3976,7.15
3977,7.15
3978,7.14
3979,7.16
3980,7.16
3981,7.16
3982,7.16
3983,7.15
3984,7.12
3985,7.12
3986,7.11
3987,7.11
3988,7.11
3989,7.1
3990,7.11
3991,7.12
3992,7.12
3993,7.14
3994,7.14
3995,7.1
3996,7.1
3997,7.1
3998,7.1
3999,7.12
4000,7.12
4001,7.12
4002,7.12
4003,7.12
4004,7.12
4005,7.11
4006,7.1
4007,7.11
4008,7.11
4009,7.09
4010,7.1
4011,7.09
4012,7.1
4013,7.1
4014,7.1
4015,7.09
4016,7.09
4017,7.1
4018,7.1
4019,7.1
4020,7.1
4021,7.1
4022,7.12
4023,7.12
4024,7.12
4025,7.12
4026,7.1
4027,7.1
4028,7.1
4029,7.14
4030,7.1
4031,7.1
4032,7.11
4033,7.1
4034,7.1
4035,7.09
4036,7.08
4037,7.08
4038,7.07
4039,7.07
4040,7.07
4041,7.06
4042,7.06
4043,7.06
4044,7.06
4045,7.06
4046,7.06
4047,7.06
4048,7.06
4049,7.1
4050,7.1
4051,7.09
4052,7.09
4053,7.09
4054,7.09
4055,7.08
4056,7.08
4057,7.08
4058,7.09
4059,7.09
4060,7.09
4061,7.09
4062,7.09
4063,7.08
4064,7.08
4065,7.09
4066,7.09
4067,7.12
4068,7.11
4069,7.08
4070,7.08
4071,7.09
4072,7.09
4073,7.09
4074,7.09
4075,7.09
4076,7.08
4077,7.08
4078,7.08
4079,7.08
4080,7.11
4081,7.07
4082,7.07
4083,7.07
4084,7.08
4085,7.07
4086,7.07
4087,7.07
4088,7.06
4089,7.06
4090,7.06
4091,7.06
4092,7.06
4093,7.08
4094,7.07
4095,7.03
4096,7.04
4097,7.05
4098,7.05
4099,7.08
4100,7.08
4101,7.08
4102,7.07
4103,7.07
4104,7.08
4105,7.08
4106,7.07
4107,7.08
4108,7.07
4109,7.07
4110,7.06
4111,7.06
4112,7.06
4113,7.06
4114,7.06
4115,7.06
4116,7.06
4117,7.06
4118,7.05
4119,7.07
4120,7.02
4121,7.02
4122,7.02
4123,7.05
4124,7.05
4125,7.04
4126,7.04
4127,7.04
4128,7.03
4129,7.03
4130,7.03
4131,7.02
4132,6.99
4133,6.99
4134,6.99
4135,6.99
4136,6.99
4137,7.01
4138,7.02
4139,6.99
4140,7
4141,7
4142,7.01
4143,7.01
4144,7.01
4145,7.01
4146,7.01
4147,7.01
4148,7.01
4149,7.01
4150,7.01
4151,7.01
4152,7.01
4153,7.01
4154,7.01
4155,7.02
4156,7.01
4157,7.01
4158,7.02
4159,7.02
4160,7.03
4161,7.03
4162,7.03
4163,7.04
4164,7.04
4165,7.01
4166,7.02
4167,7.02
4168,7.01
4169,7.02
4170,7.01
4171,7.02
4172,7.01
4173,7
4174,7
4175,6.99
4176,6.98
4177,6.99
4178,6.98
4179,6.98
4180,6.98
4181,6.97
4182,6.97
4183,6.98
4184,6.97
4185,6.97
4186,6.97
4187,6.98
4188,6.98
4189,6.98
4190,6.98
4191,6.99
4192,6.98
4193,6.98
4194,6.98
4195,6.98
4196,6.98
4197,6.98
4198,6.96
4199,6.96
4200,6.95
4201,6.99
4202,6.96
4203,6.96
4204,6.97
4205,6.96
4206,6.99
4207,6.99
4208,6.98
4209,6.99
4210,6.99
4211,6.99
4212,6.99
4213,6.99
4214,6.98
4215,6.98
4216,6.99
4217,6.97
4218,6.97
4219,6.98
4220,6.98
4221,6.97
4222,6.98
4223,6.98
4224,6.97
4225,6.97
4226,6.97
4227,6.99
4228,6.99
4229,6.98
4230,6.98
4231,6.98
4232,6.97
4233,6.97
4234,6.96
4235,6.96
4236,6.94
4237,6.94
4238,6.98
4239,6.97
4240,6.96
4241,6.96
4242,6.96
4243,6.96
4244,6.96
4245,6.96
4246,6.96
4247,6.96
4248,6.92
4249,6.93
4250,6.93
4251,6.94
4252,6.94
4253,6.95
4254,6.95
4255,6.95
4256,6.95
4257,6.95
4258,6.95
4259,6.95
4260,6.95
4261,6.95
4262,6.95
4263,6.95
4264,6.96
4265,6.96
4266,6.95
4267,6.95
4268,6.96
4269,6.96
4270,6.95
4271,6.95
4272,6.94
4273,6.91
4274,6.91
4275,6.94
4276,6.94
4277,6.93
4278,6.92
4279,6.92
4280,6.91
4281,6.91
4282,6.91
4283,6.91
4284,6.91
4285,6.89
4286,6.89
4287,6.89
4288,6.89
4289,6.9
4290,6.9
4291,6.9
4292,6.9
4293,6.93
4294,6.93
4295,6.94
4296,6.94
4297,6.94
4298,6.94
4299,6.94
4300,6.94
4301,6.93
4302,6.93
4303,6.93
4304,6.93
4305,6.93
4306,6.93
4307,6.92
4308,6.92
4309,6.92
4310,6.92
4311,6.92
4312,6.9
4313,6.92
4314,6.91
4315,6.92
4316,6.91
4317,6.91
4318,6.92
4319,6.93
4320,6.93
4321,6.92
4322,6.92
4323,6.92
4324,6.91
4325,6.91
4326,6.91
4327,6.91
4328,6.91
4329,6.9
4330,6.9
4331,6.89
4332,6.9
4333,6.91
4334,6.91
4335,6.91
4336,6.91
4337,6.91
4338,6.91
4339,6.9
4340,6.92
4341,6.92
4342,6.92
4343,6.92
4344,6.89
4345,6.89
4346,6.9
4347,6.9
4348,6.9
4349,6.92
4350,6.92
4351,6.92
4352,6.91
4353,6.91
4354,6.91
4355,6.91
4356,6.9
4357,6.9
4358,6.89
4359,6.89
4360,6.89
4361,6.88
4362,6.88
4363,6.87
4364,6.87
4365,6.87
4366,6.87
4367,6.87
4368,6.87
4369,6.87
4370,6.87
4371,6.86
4372,6.86
4373,6.85
4374,6.85
4375,6.85
4376,6.85
4377,6.84
4378,6.84
4379,6.84
4380,6.85
4381,6.81
4382,6.82
4383,6.82
4384,6.83
4385,6.83
4386,6.83
4387,6.83
4388,6.84
4389,6.84
4390,6.84
4391,6.84
4392,6.84
4393,6.84
4394,6.84
4395,6.85
4396,6.85
4397,6.85
4398,6.85
4399,6.85
4400,6.85
4401,6.84
4402,6.84
4403,6.85
4404,6.81
4405,6.81
4406,6.81
4407,6.82
4408,6.82
4409,6.82
4410,6.82
4411,6.82
4412,6.82
4413,6.83
4414,6.84
4415,6.84
4416,6.84
4417,6.82
4418,6.83
4419,6.83
4420,6.83
4421,6.84
4422,6.84
4423,6.84
4424,6.84
4425,6.84
4426,6.84
4427,6.84
4428,6.84
4429,6.84
4430,6.84
4431,6.84
4432,6.88
4433,6.88
4434,6.87
4435,6.87
4436,6.86
4437,6.86
4438,6.85
4439,6.87
4440,6.87
4441,6.87
4442,6.87
4443,6.84
4444,6.84
4445,6.84
4446,6.84
4447,6.84
4448,6.81
4449,6.82
4450,6.83
4451,6.83
4452,6.83
4453,6.83
4454,6.83
4455,6.83
4456,6.83
4457,6.83
4458,6.84
4459,6.84
4460,6.83
4461,6.83
4462,6.82
4463,6.81
4464,6.81
4465,6.81
4466,6.81
4467,6.81
4468,6.8
4469,6.8
4470,6.81
4471,6.81
4472,6.81
4473,6.81
4474,6.81
4475,6.81
4476,6.81
4477,6.81
4478,6.81
4479,6.81
4480,6.81
4481,6.81
4482,6.81
4483,6.81
4484,6.81
4485,6.82
4486,6.82
4487,6.82
4488,6.82
4489,6.82
4490,6.82
4491,6.82
4492,6.82
4493,6.78
4494,6.78
4495,6.79
4496,6.79
4497,6.8
4498,6.8
4499,6.8
4500,6.8
4501,6.81
4502,6.81
4503,6.81
4504,6.78
4505,6.79
4506,6.78
4507,6.79
4508,6.78
4509,6.78
4510,6.78
4511,6.78
4512,6.76
4513,6.76
4514,6.77
4515,6.77
4516,6.78
4517,6.78
4518,6.79
4519,6.79
4520,6.79
4521,6.79
4522,6.79
4523,6.79
4524,6.8
4525,6.79
4526,6.78
4527,6.78
4528,6.78
4529,6.78
4530,6.78
4531,6.78
4532,6.78
4533,6.78
4534,6.78
4535,6.78
4536,6.78
4537,6.78
4538,6.78
4539,6.78
4540,6.77
4541,6.77
4542,6.77
4543,6.77
4544,6.77
4545,6.77
4546,6.76
4547,6.76
4548,6.75
4549,6.75
4550,6.75
4551,6.74
4552,6.74
4553,6.74
4554,6.74
4555,6.74
4556,6.74
4557,6.74
4558,6.74
4559,6.74
4560,6.74
4561,6.74
4562,6.74
4563,6.73
4564,6.73
4565,6.73
4566,6.73
4567,6.73
4568,6.72
4569,6.72
4570,6.72
4571,6.72
4572,6.73
4573,6.73
4574,6.73
4575,6.73
4576,6.73
4577,6.73
4578,6.73
4579,6.72
4580,6.73
4581,6.73
4582,6.73
4583,6.74
4584,6.74
4585,6.74
4586,6.72
4587,6.72
4588,6.72
4589,6.72
4590,6.72
4591,6.72
4592,6.73
4593,6.73
4594,6.73
4595,6.7
4596,6.71
4597,6.72
4598,6.72
4599,6.72
4600,6.73
4601,6.73
4602,6.73
4603,6.72
4604,6.73
4605,6.72
4606,6.72
4607,6.72
4608,6.71
4609,6.71
4610,6.71
4611,6.71
4612,6.71
4613,6.71
4614,6.71
4615,6.71
4616,6.71
4617,6.71
4618,6.71
4619,6.69
4620,6.7
4621,6.7
4622,6.7
4623,6.71
4624,6.71
4625,6.71
4626,6.72
4627,6.72
4628,6.73
4629,6.73
4630,6.73
4631,6.73
4632,6.72
4633,6.71
4634,6.7
4635,6.7
4636,6.7
4637,6.7
4638,6.7
4639,6.7
4640,6.69
4641,6.69
4642,6.69
4643,6.7
4644,6.69
4645,6.7
4646,6.7
4647,6.7
4648,6.7
4649,6.7
4650,6.7
4651,6.7
4652,6.7
4653,6.69
4654,6.69
4655,6.69
4656,6.7
4657,6.7
4658,6.7
4659,6.69
4660,6.69
4661,6.69
4662,6.68
4663,6.69
4664,6.69
4665,6.69
4666,6.69
4667,6.69
4668,6.69
4669,6.69
4670,6.68
4671,6.69
4672,6.69
4673,6.69
4674,6.69
4675,6.69
4676,6.69
4677,6.69
4678,6.69
4679,6.69
4680,6.69
4681,6.69
4682,6.69
4683,6.69
4684,6.69
4685,6.69
4686,6.69
4687,6.69
4688,6.69
4689,6.68
4690,6.68
4691,6.68
4692,6.68
4693,6.68
4694,6.67
4695,6.68
4696,6.68
4697,6.68
4698,6.68
4699,6.67
4700,6.66
4701,6.67
4702,6.68
4703,6.68
4704,6.68
4705,6.68
4706,6.67
4707,6.68
4708,6.68
4709,6.67
4710,6.67
4711,6.67
4712,6.67
4713,6.67
4714,6.67
4715,6.67
4716,6.67
4717,6.65
4718,6.66
4719,6.66
4720,6.66
4721,6.67
4722,6.67
4723,6.67
4724,6.67
4725,6.67
4726,6.67
4727,6.67
4728,6.67
4729,6.67
4730,6.67
4731,6.67
4732,6.67
4733,6.66
4734,6.66
4735,6.66
4736,6.66
4737,6.66
4738,6.66
4739,6.66
4740,6.61
4741,6.62
4742,6.62
4743,6.62
4744,6.62
4745,6.62
4746,6.62
4747,6.62
4748,6.62
4749,6.62
4750,6.63
4751,6.62
4752,6.63
4753,6.62
4754,6.62
4755,6.62
4756,6.63
4757,6.63
4758,6.65
4759,6.65
4760,6.65
4761,6.65
4762,6.65
4763,6.64
4764,6.64
4765,6.64
4766,6.64
4767,6.65
4768,6.65
4769,6.65
4770,6.65
4771,6.65
4772,6.65
4773,6.65
4774,6.65
4775,6.65
4776,6.65
4777,6.64
4778,6.64
4779,6.63
4780,6.63
4781,6.63
4782,6.63
4783,6.63
4784,6.63
4785,6.62
4786,6.62
4787,6.62
4788,6.62
4789,6.62
4790,6.62
4791,6.62
4792,6.62
4793,6.62
4794,6.62
4795,6.61
4796,6.61
4797,6.6
4798,6.6
4799,6.6
4800,6.6
4801,6.6
4802,6.61
4803,6.61
4804,6.61
4805,6.61
4806,6.61
4807,6.61
4808,6.62
4809,6.62
4810,6.62
4811,6.62
4812,6.62
4813,6.62
4814,6.62
4815,6.62
4816,6.62
4817,6.62
4818,6.61
4819,6.61
4820,6.61
4821,6.61
4822,6.61
4823,6.61
4824,6.61
4825,6.62
4826,6.61
4827,6.61
4828,6.61
4829,6.59
4830,6.59