,,,,,,,,,,,,,,,,,,,,,
***********,*************,*************,**************,*************,*************,*************,*************,*************,*************,*************,*************,*************,*************,,,,,,,,
Data,from,Firesting,Logger,V2.37,with,Firesting,O2,(Firmware,3.07),---,Pyro,Science,,,,,,,,,
***********,*************,*************,**************,*************,*************,*************,*************,*************,*************,*************,*************,*************,*************,,,,,,,,
Settings:,Description,Units,Basic Mode,Sensor Code,Meas. Mode,Temp. Comp.,Temp. (°C),Press. (hPa),Salinity (‰),LED Int. (%),PD Ampl.,Meas. Time (ms),Bkdg. Comp.,Sensor Type,,,,,,,
Ch 1,Sensor 1,mg/l (ppm),yes,XB7-525-201,3,OFF,13.000,1013,0.000,15%,,10,no,X : Normal Range O2 - Robust Probe - Black Fiber,,,,,,,
Ch 2,Sensor 2,mg/l (ppm),yes,XB7-525-200,3,OFF,13.000,1013,0.000,15%,,10,no,X : Normal Range O2 - Robust Probe - Black Fiber,,,,,,,
Ch 3,Sensor 3,mg/l (ppm),yes,XB6-525-216,3,OFF,13.000,1013,0.000,15%,,10,no,X : Normal Range O2 - Robust Probe - Black Fiber,,,,,,,
Ch 4,Sensor 4,mg/l (ppm),yes,XB7-530-198,3,OFF,13.000,1013,0.000,15%,,10,no,X : Normal Range O2 - Robust Probe - Black Fiber,,,,,,,
Temp.,Sensor,Units:,'C,Measuring,Time (ms):,300,,,,,,,,,,,,,,,
,,,,,,,,,,,,,,,,,,,,,
Calibration:,Status,Temp. 0% a.s. (°C),Temp. 100% a.s. (°C),Press. (hPa),Humidity (%),dphi0 (°),dphi100 (°),f,m,F (Hz),kt (%/K),tt (%/K),Bkgd. Int. (mV),Bkgd. dphi (°),mt (1/K),,,,,,
Ch 1,1-Point,20.000,13.000,1013,0.000,52.500,22.015,0.850,0.081,4000,1.184,-0.070,0.000,0.000,-0.000370,,,,,,
Ch 2,1-Point,20.000,13.000,1013,0.000,52.500,22.294,0.850,0.081,4000,1.184,-0.070,0.000,0.000,-0.000370,,,,,,
Ch 3,1-Point,20.000,13.000,1013,0.000,52.500,23.040,0.850,0.081,4000,1.184,-0.070,0.000,0.000,-0.000370,,,,,,
Ch 4,1-Point,20.000,13.000,1013,0.000,53.000,21.914,0.850,0.081,4000,1.184,-0.070,0.000,0.000,-0.000370,,,,,,
Data,Smoothing:,3,,,,,,,,,,,,,,,,,,,
Date:,10/07/2016,,,,,,,,,,,,,,,,,,,,
,,,Oxygen,Data,,, ,Raw Data:, dphi (°),,,,Signal,Intensity,(mV),,Ambient,Light,(mV), (MainPhi->RefAmpl->RefBkgnd->RefPhi->Int. Temp.),
Time,Comment,Temperature,Ch 1,Ch 2,Ch 3,Ch 4, ,Ch 1,Ch 2,Ch 3,Ch 4,,Ch1,Ch2,Ch3,Ch4,Ch1,Ch2,Ch3,Ch4,
23:50:02,,13.51,9.7933E+00,9.5137E+00,9.5257E+00,9.5834E+00,,22.830,23.447,24.193,22.982,,232.71,253.88,231.23,190.32,6.30,6.80,5.25,7.11,
23:50:04,,13.52,9.789E+00,9.5132E+00,9.5248E+00,9.5781E+00,,22.835,23.448,24.194,22.988,,232.76,253.90,231.27,190.34,6.23,6.80,5.24,7.09,
23:50:06,,13.51,9.7887E+00,9.514E+00,9.5229E+00,9.5732E+00,,22.835,23.447,24.196,22.994,,232.78,253.93,231.33,190.34,6.32,6.83,5.25,7.14,
23:50:08,,13.51,9.7847E+00,9.5126E+00,9.517E+00,9.5751E+00,,22.840,23.448,24.203,22.992,,232.80,253.96,231.39,190.38,6.32,6.85,5.26,7.14,
23:50:10,,13.51,9.7861E+00,9.5102E+00,9.5115E+00,9.577E+00,,22.838,23.452,24.210,22.989,,232.82,253.98,231.46,190.44,6.37,6.87,5.25,7.17,
23:50:12,,13.52,9.7847E+00,9.5071E+00,9.505E+00,9.5685E+00,,22.840,23.455,24.218,23.000,,232.88,254.00,231.52,190.49,6.36,6.87,5.29,7.14,
23:50:14,,13.52,9.7787E+00,9.5055E+00,9.5023E+00,9.5599E+00,,22.847,23.458,24.222,23.010,,232.92,253.99,231.57,190.52,6.32,6.87,5.27,7.14,
23:50:16,,13.51,9.7736E+00,9.506E+00,9.4974E+00,9.5511E+00,,22.853,23.457,24.228,23.020,,232.96,254.00,231.60,190.55,6.27,6.84,5.27,7.12,
23:50:18,,13.51,9.7722E+00,9.5044E+00,9.4972E+00,9.5475E+00,,22.854,23.459,24.228,23.025,,232.97,254.02,231.62,190.61,6.19,6.82,5.21,7.10,
23:50:20,,13.51,9.775E+00,9.5041E+00,9.4972E+00,9.5406E+00,,22.851,23.459,24.228,23.033,,233.01,254.06,231.59,190.68,6.14,6.78,5.21,7.11,
23:50:22,,13.51,9.7728E+00,9.5017E+00,9.502E+00,9.537E+00,,22.854,23.462,24.222,23.038,,233.01,254.07,231.57,190.74,6.13,6.78,5.20,7.12,
23:50:24,,13.50,9.771E+00,9.5033E+00,9.502E+00,9.5329E+00,,22.856,23.460,24.222,23.043,,233.06,254.09,231.53,190.81,6.14,6.79,5.21,7.12,
23:50:26,,13.52,9.7659E+00,9.5028E+00,9.505E+00,9.5287E+00,,22.862,23.461,24.218,23.048,,233.07,254.10,231.54,190.86,6.14,6.80,5.19,7.11,
23:50:28,,13.52,9.7628E+00,9.5011E+00,9.5031E+00,9.5222E+00,,22.866,23.463,24.221,23.056,,233.12,254.13,231.54,190.92,6.14,6.81,5.21,7.10,
23:50:30,,13.53,9.7571E+00,9.4992E+00,9.502E+00,9.5104E+00,,22.873,23.465,24.222,23.070,,233.11,254.16,231.59,190.98,6.14,6.80,5.21,7.09,
23:50:32,,13.51,9.7548E+00,9.4975E+00,9.4961E+00,9.5035E+00,,22.876,23.467,24.229,23.079,,233.15,254.15,231.61,191.03,6.20,6.80,5.24,7.09,
23:50:34,,13.51,9.7545E+00,9.4964E+00,9.4931E+00,9.4931E+00,,22.876,23.468,24.233,23.091,,233.15,254.12,231.65,191.11,6.19,6.79,5.21,7.08,
23:50:36,,13.51,9.754E+00,9.4967E+00,9.4915E+00,9.4892E+00,,22.876,23.468,24.235,23.096,,233.20,254.10,231.67,191.17,6.21,6.80,5.23,7.12,
23:50:38,,13.51,9.752E+00,9.4951E+00,9.4912E+00,9.4794E+00,,22.878,23.470,24.235,23.108,,233.22,254.09,231.67,191.24,6.24,6.82,5.24,7.14,
23:50:40,,13.50,9.7509E+00,9.4989E+00,9.4899E+00,9.4756E+00,,22.879,23.465,24.237,23.113,,233.26,254.10,231.70,191.28,6.28,6.83,5.28,7.17,
23:50:42,,13.51,9.7443E+00,9.4992E+00,9.4877E+00,9.4718E+00,,22.887,23.464,24.239,23.117,,233.32,254.07,231.75,191.32,6.29,6.82,5.28,7.16,
23:50:44,,13.52,9.7392E+00,9.5008E+00,9.4823E+00,9.4704E+00,,22.893,23.462,24.246,23.119,,233.39,254.03,231.83,191.38,6.27,6.82,5.28,7.16,
23:50:46,,13.53,9.731E+00,9.5019E+00,9.479E+00,9.4674E+00,,22.903,23.461,24.250,23.123,,233.49,254.00,231.89,191.44,6.28,6.81,5.27,7.17,
23:50:48,,13.52,9.7307E+00,9.5022E+00,9.4715E+00,9.4674E+00,,22.903,23.461,24.259,23.123,,233.56,254.02,231.93,191.49,6.32,6.84,5.30,7.19,
23:50:50,,13.51,9.7265E+00,9.5038E+00,9.4685E+00,9.4603E+00,,22.909,23.459,24.263,23.131,,233.60,254.03,231.97,191.52,6.28,6.83,5.31,7.16,
23:50:52,,13.51,9.7222E+00,9.5017E+00,9.4623E+00,9.4565E+00,,22.914,23.462,24.270,23.136,,233.65,254.05,232.02,191.55,6.27,6.84,5.30,7.15,
23:50:54,,13.52,9.7177E+00,9.5025E+00,9.4628E+00,9.4472E+00,,22.919,23.461,24.270,23.147,,233.68,254.07,232.05,191.57,6.27,6.84,5.29,7.14,
23:50:56,,13.52,9.718E+00,9.4975E+00,9.4596E+00,9.4461E+00,,22.919,23.467,24.274,23.148,,233.73,254.11,232.06,191.60,6.31,6.85,5.29,7.16,
23:50:58,,13.51,9.722E+00,9.4967E+00,9.4612E+00,9.4401E+00,,22.914,23.468,24.273,23.155,,233.76,254.14,232.08,191.63,6.36,6.86,5.30,7.17,
23:51:00,,13.51,9.72E+00,9.4945E+00,9.4577E+00,9.4401E+00,,22.916,23.470,24.277,23.155,,233.79,254.18,232.12,191.65,6.35,6.85,5.30,7.17,
23:51:02,,13.51,9.7177E+00,9.4913E+00,9.4553E+00,9.4366E+00,,22.919,23.474,24.280,23.160,,233.80,254.23,232.18,191.69,6.33,6.86,5.31,7.16,
23:51:04,,13.51,9.7075E+00,9.4852E+00,9.4469E+00,9.4377E+00,,22.931,23.482,24.290,23.158,,233.84,254.32,232.25,191.69,6.29,6.86,5.32,7.14,
23:51:06,,13.50,9.703E+00,9.477E+00,9.4418E+00,9.4298E+00,,22.936,23.492,24.296,23.168,,233.91,254.41,232.33,191.72,6.34,6.88,5.33,7.15,
23:51:08,,13.50,9.6965E+00,9.4737E+00,9.4394E+00,9.4279E+00,,22.944,23.496,24.299,23.171,,233.99,254.52,232.43,191.74,6.31,6.86,5.33,7.16,
23:51:10,,13.51,9.6974E+00,9.4699E+00,9.4359E+00,9.4201E+00,,22.943,23.501,24.303,23.181,,234.03,254.60,232.51,191.78,6.36,6.86,5.31,7.18,
23:51:12,,13.52,9.7005E+00,9.4658E+00,9.4311E+00,9.422E+00,,22.939,23.506,24.309,23.178,,234.06,254.65,232.55,191.80,6.34,6.85,5.28,7.14,
23:51:14,,13.53,9.6962E+00,9.4626E+00,9.4276E+00,9.4187E+00,,22.944,23.509,24.314,23.183,,234.07,254.73,232.58,191.82,6.37,6.85,5.25,7.14,
23:51:16,,13.52,9.692E+00,9.4574E+00,9.4271E+00,9.4187E+00,,22.949,23.515,24.314,23.183,,234.08,254.82,232.60,191.83,6.31,6.85,5.24,7.13,
23:51:18,,13.52,9.6827E+00,9.4517E+00,9.4279E+00,9.4152E+00,,22.960,23.523,24.313,23.187,,234.10,254.92,232.61,191.84,6.28,6.84,5.25,7.15,
23:51:20,,13.51,9.6841E+00,9.4446E+00,9.4241E+00,9.416E+00,,22.959,23.532,24.318,23.186,,234.13,254.99,232.65,191.87,6.23,6.83,5.25,7.14,
23:51:22,,13.52,9.6839E+00,9.4402E+00,9.419E+00,9.4155E+00,,22.959,23.537,24.324,23.186,,234.16,255.05,232.68,191.88,6.22,6.83,5.26,7.13,
23:51:24,,13.50,9.6864E+00,9.4364E+00,9.4142E+00,9.4111E+00,,22.956,23.542,24.331,23.191,,234.14,255.13,232.72,191.92,6.18,6.83,5.25,7.14,
23:51:26,,13.50,9.6867E+00,9.434E+00,9.4123E+00,9.4054E+00,,22.956,23.545,24.333,23.198,,234.14,255.19,232.76,191.94,6.18,6.82,5.26,7.14,
23:51:28,,13.50,9.6844E+00,9.4283E+00,9.4131E+00,9.3979E+00,,22.958,23.552,24.332,23.208,,234.13,255.24,232.79,191.96,6.17,6.83,5.24,7.16,
23:51:30,,13.51,9.685E+00,9.4242E+00,9.411E+00,9.3968E+00,,22.958,23.557,24.335,23.209,,234.16,255.26,232.84,191.97,6.17,6.81,5.27,7.17,
23:51:32,,13.52,9.6782E+00,9.4228E+00,9.408E+00,9.3941E+00,,22.966,23.559,24.338,23.212,,234.19,255.31,232.91,191.98,6.19,6.82,5.29,7.15,
23:51:34,,13.50,9.6808E+00,9.4204E+00,9.4016E+00,9.3965E+00,,22.963,23.562,24.346,23.210,,234.24,255.37,232.96,192.00,6.20,6.83,5.31,7.14,
23:51:36,,13.51,9.6779E+00,9.4188E+00,9.3909E+00,9.3943E+00,,22.966,23.564,24.359,23.212,,234.26,255.40,233.07,192.03,6.23,6.85,5.30,7.13,
23:51:38,,13.50,9.6765E+00,9.415E+00,9.3767E+00,9.3924E+00,,22.968,23.568,24.377,23.215,,234.29,255.43,233.21,192.06,6.27,6.86,5.29,7.15,
23:51:40,,13.51,9.6703E+00,9.4144E+00,9.3655E+00,9.3865E+00,,22.975,23.569,24.391,23.222,,234.33,255.45,233.36,192.09,6.33,6.86,5.26,7.16,
23:51:42,,13.50,9.6656E+00,9.4144E+00,9.3604E+00,9.3817E+00,,22.981,23.569,24.398,23.228,,234.36,255.49,233.45,192.11,6.38,6.88,5.26,7.18,
23:51:44,,13.51,9.6678E+00,9.4123E+00,9.3583E+00,9.3792E+00,,22.978,23.571,24.401,23.231,,234.37,255.51,233.51,192.13,6.33,6.87,5.26,7.18,
23:51:46,,13.51,9.6673E+00,9.4115E+00,9.3533E+00,9.3776E+00,,22.979,23.572,24.407,23.233,,234.37,255.55,233.56,192.15,6.25,6.86,5.26,7.15,
23:51:48,,13.51,9.6712E+00,9.4082E+00,9.3472E+00,9.3792E+00,,22.974,23.576,24.414,23.231,,234.37,255.58,233.64,192.16,6.20,6.83,5.26,7.12,
23:51:50,,13.52,9.6709E+00,9.4055E+00,9.3429E+00,9.3787E+00,,22.974,23.579,24.419,23.232,,234.38,255.62,233.68,192.16,6.26,6.82,5.29,7.13,
23:51:52,,13.52,9.6706E+00,9.4066E+00,9.3426E+00,9.3763E+00,,22.974,23.578,24.420,23.235,,234.39,255.62,233.71,192.18,6.32,6.83,5.28,7.14,
23:51:54,,13.52,9.6684E+00,9.4087E+00,9.3421E+00,9.3722E+00,,22.977,23.576,24.420,23.239,,234.38,255.62,233.71,192.24,6.35,6.84,5.28,7.16,
23:51:56,,13.52,9.6625E+00,9.4109E+00,9.3379E+00,9.363E+00,,22.984,23.573,24.426,23.251,,234.40,255.62,233.77,192.31,6.35,6.85,5.25,7.16,
23:51:58,,13.51,9.6611E+00,9.4077E+00,9.3323E+00,9.3609E+00,,22.986,23.577,24.433,23.254,,234.43,255.62,233.85,192.35,6.36,6.86,5.27,7.19,
23:52:00,,13.52,9.6569E+00,9.406E+00,9.3225E+00,9.3566E+00,,22.990,23.579,24.445,23.259,,234.46,255.62,233.99,192.37,6.35,6.85,5.26,7.18,
23:52:02,,13.52,9.6597E+00,9.4033E+00,9.3116E+00,9.3593E+00,,22.987,23.582,24.459,23.256,,234.47,255.66,234.12,192.38,6.34,6.85,5.29,7.16,
23:52:04,,13.52,9.6569E+00,9.4015E+00,9.2984E+00,9.3523E+00,,22.990,23.584,24.476,23.264,,234.48,255.68,234.28,192.43,6.35,6.84,5.28,7.13,
23:52:06,,13.52,9.6555E+00,9.399E+00,9.2897E+00,9.3483E+00,,22.992,23.587,24.487,23.269,,234.51,255.71,234.38,192.49,6.35,6.86,5.29,7.14,
23:52:08,,13.51,9.654E+00,9.3974E+00,9.2828E+00,9.3402E+00,,22.994,23.589,24.495,23.279,,234.53,255.72,234.50,192.53,6.37,6.85,5.29,7.16,
23:52:10,,13.51,9.6526E+00,9.3987E+00,9.2767E+00,9.3399E+00,,22.996,23.588,24.502,23.279,,234.54,255.73,234.59,192.57,6.32,6.85,5.29,7.18,
23:52:12,,13.51,9.6538E+00,9.3985E+00,9.2728E+00,9.3351E+00,,22.995,23.588,24.508,23.285,,234.55,255.73,234.68,192.61,6.30,6.86,5.32,7.19,
23:52:14,,13.51,9.6546E+00,9.4004E+00,9.2686E+00,9.3359E+00,,22.994,23.586,24.513,23.284,,234.55,255.73,234.74,192.68,6.23,6.84,5.29,7.16,
23:52:16,,13.52,9.6571E+00,9.4017E+00,9.2696E+00,9.3295E+00,,22.991,23.584,24.512,23.292,,234.56,255.73,234.77,192.71,6.29,6.84,5.30,7.17,
23:52:18,,13.52,9.6543E+00,9.4031E+00,9.2667E+00,9.3271E+00,,22.994,23.582,24.516,23.296,,234.55,255.73,234.79,192.76,6.34,6.85,5.30,7.16,
23:52:20,,13.52,9.6473E+00,9.4031E+00,9.2678E+00,9.3204E+00,,23.002,23.582,24.514,23.304,,234.56,255.75,234.79,192.79,6.40,6.87,5.33,7.20,
23:52:22,,13.51,9.6426E+00,9.4012E+00,9.2636E+00,9.3137E+00,,23.008,23.585,24.520,23.312,,234.58,255.73,234.81,192.83,6.32,6.86,5.32,7.18,
23:52:24,,13.51,9.6414E+00,9.4001E+00,9.2636E+00,9.3097E+00,,23.009,23.586,24.520,23.317,,234.64,255.73,234.83,192.90,6.22,6.82,5.29,7.17,
23:52:26,,13.51,9.6437E+00,9.4006E+00,9.2609E+00,9.3062E+00,,23.007,23.585,24.523,23.321,,234.67,255.73,234.84,192.96,6.18,6.82,5.29,7.15,
23:52:28,,13.52,9.6395E+00,9.3987E+00,9.2588E+00,9.307E+00,,23.011,23.588,24.525,23.320,,234.71,255.77,234.85,192.99,6.23,6.83,5.29,7.17,
23:52:30,,13.52,9.633E+00,9.3955E+00,9.2575E+00,9.3E+00,,23.019,23.592,24.527,23.329,,234.76,255.78,234.86,192.99,6.29,6.85,5.30,7.19,
23:52:32,,13.51,9.6258E+00,9.3936E+00,9.2591E+00,9.2936E+00,,23.027,23.594,24.525,23.337,,234.83,255.79,234.84,193.00,6.33,6.86,5.28,7.20,
23:52:34,,13.52,9.6219E+00,9.3922E+00,9.2596E+00,9.2856E+00,,23.032,23.596,24.525,23.347,,234.89,255.80,234.83,193.02,6.32,6.85,5.28,7.18,
23:52:36,,13.52,9.616E+00,9.3879E+00,9.2596E+00,9.2875E+00,,23.039,23.601,24.525,23.345,,234.97,255.87,234.82,193.05,6.32,6.85,5.29,7.19,
23:52:38,,13.52,9.6115E+00,9.3812E+00,9.2615E+00,9.2837E+00,,23.045,23.610,24.522,23.349,,235.01,255.96,234.83,193.08,6.34,6.85,5.30,7.17,
23:52:40,,13.51,9.6098E+00,9.3766E+00,9.2638E+00,9.2883E+00,,23.047,23.615,24.519,23.344,,235.04,256.06,234.84,193.15,6.35,6.83,5.30,7.19,
23:52:42,,13.51,9.6093E+00,9.3728E+00,9.2649E+00,9.2832E+00,,23.048,23.620,24.518,23.350,,235.06,256.12,234.84,193.17,6.30,6.82,5.27,7.17,
23:52:44,,13.51,9.6051E+00,9.3685E+00,9.2623E+00,9.2864E+00,,23.053,23.625,24.521,23.346,,235.11,256.19,234.85,193.20,6.21,6.81,5.26,7.16,
23:52:46,,13.51,9.6018E+00,9.3623E+00,9.2641E+00,9.2824E+00,,23.056,23.633,24.519,23.351,,235.17,256.25,234.84,193.22,6.15,6.80,5.27,7.13,
23:52:48,,13.51,9.5967E+00,9.355E+00,9.2625E+00,9.2813E+00,,23.062,23.642,24.521,23.353,,235.21,256.33,234.83,193.27,6.15,6.79,5.26,7.12,
23:52:50,,13.51,9.5965E+00,9.3518E+00,9.2636E+00,9.2784E+00,,23.063,23.646,24.519,23.356,,235.26,256.39,234.82,193.29,6.16,6.80,5.26,7.11,
23:52:52,,13.50,9.5914E+00,9.3453E+00,9.2609E+00,9.2768E+00,,23.069,23.654,24.523,23.358,,235.29,256.47,234.84,193.32,6.17,6.80,5.23,7.11,
23:52:54,,13.50,9.5906E+00,9.3443E+00,9.2586E+00,9.2744E+00,,23.070,23.655,24.526,23.361,,235.32,256.51,234.91,193.34,6.15,6.81,5.23,7.08,
23:52:56,,13.50,9.5887E+00,9.3418E+00,9.2502E+00,9.2715E+00,,23.072,23.658,24.537,23.365,,235.34,256.54,235.02,193.38,6.16,6.82,5.23,7.08,
23:52:58,,13.50,9.5898E+00,9.3416E+00,9.2415E+00,9.267E+00,,23.071,23.659,24.547,23.370,,235.36,256.57,235.14,193.39,6.23,6.86,5.26,7.09,
23:53:00,,13.51,9.59E+00,9.3408E+00,9.2336E+00,9.2641E+00,,23.070,23.660,24.557,23.374,,235.41,256.60,235.22,193.42,6.30,6.87,5.27,7.12,
23:53:02,,13.51,9.5856E+00,9.3397E+00,9.2292E+00,9.2614E+00,,23.075,23.661,24.563,23.377,,235.48,256.61,235.30,193.46,6.30,6.85,5.27,7.13,
23:53:04,,13.52,9.5767E+00,9.3386E+00,9.2252E+00,9.2561E+00,,23.086,23.663,24.568,23.384,,235.56,256.59,235.34,193.48,6.30,6.87,5.27,7.15,
23:53:06,,13.51,9.5681E+00,9.3384E+00,9.2252E+00,9.2481E+00,,23.097,23.663,24.568,23.394,,235.61,256.57,235.37,193.51,6.22,6.86,5.25,7.12,
23:53:08,,13.51,9.5667E+00,9.3394E+00,9.2239E+00,9.2399E+00,,23.098,23.661,24.570,23.404,,235.62,256.55,235.38,193.53,6.23,6.86,5.25,7.12,
23:53:10,,13.49,9.5667E+00,9.344E+00,9.2203E+00,9.2394E+00,,23.098,23.656,24.574,23.405,,235.63,256.54,235.38,193.59,6.23,6.84,5.26,7.12,
23:53:12,,13.49,9.5637E+00,9.3413E+00,9.2174E+00,9.2396E+00,,23.102,23.659,24.578,23.405,,235.66,256.52,235.39,193.63,6.24,6.84,5.27,7.13,
23:53:14,,13.49,9.5581E+00,9.3435E+00,9.215E+00,9.2399E+00,,23.109,23.656,24.581,23.405,,235.71,256.51,235.44,193.70,6.24,6.84,5.27,7.12,
23:53:16,,13.50,9.5565E+00,9.3402E+00,9.2171E+00,9.2367E+00,,23.111,23.660,24.578,23.409,,235.79,256.48,235.48,193.73,6.23,6.83,5.25,7.13,
23:53:18,,13.51,9.5548E+00,9.3475E+00,9.2148E+00,9.2277E+00,,23.112,23.651,24.582,23.420,,235.87,256.49,235.50,193.79,6.25,6.82,5.26,7.14,
23:53:20,,13.51,9.5529E+00,9.3483E+00,9.2116E+00,9.2201E+00,,23.115,23.650,24.585,23.429,,235.94,256.50,235.52,193.82,6.22,6.81,5.26,7.16,
23:53:22,,13.51,9.5465E+00,9.3523E+00,9.208E+00,9.2161E+00,,23.122,23.645,24.590,23.434,,235.99,256.51,235.56,193.89,6.20,6.81,5.25,7.15,
23:53:24,,13.50,9.5429E+00,9.3529E+00,9.2043E+00,9.219E+00,,23.127,23.644,24.595,23.430,,236.05,256.51,235.62,193.92,6.18,6.80,5.23,7.14,
23:53:26,,13.50,9.5371E+00,9.3475E+00,9.2022E+00,9.2161E+00,,23.134,23.651,24.597,23.434,,236.09,256.51,235.65,193.98,6.20,6.80,5.22,7.12,
23:53:28,,13.51,9.531E+00,9.3472E+00,9.1991E+00,9.2068E+00,,23.141,23.651,24.602,23.446,,236.15,256.54,235.69,194.03,6.19,6.80,5.19,7.11,
23:53:30,,13.51,9.526E+00,9.3416E+00,9.198E+00,9.2008E+00,,23.147,23.658,24.603,23.454,,236.22,256.58,235.71,194.14,6.25,6.84,5.22,7.13,
23:53:32,,13.50,9.5233E+00,9.3397E+00,9.1949E+00,9.196E+00,,23.150,23.661,24.607,23.460,,236.30,256.59,235.75,194.20,6.31,6.87,5.26,7.14,
23:53:34,,13.50,9.523E+00,9.3352E+00,9.1915E+00,9.1931E+00,,23.151,23.666,24.612,23.464,,236.36,256.59,235.78,194.27,6.30,6.88,5.28,7.16,
23:53:36,,13.50,9.5158E+00,9.3341E+00,9.1892E+00,9.1847E+00,,23.160,23.668,24.615,23.474,,236.41,256.60,235.81,194.33,6.23,6.85,5.27,7.12,
23:53:38,,13.50,9.5114E+00,9.3373E+00,9.1892E+00,9.1797E+00,,23.166,23.664,24.615,23.481,,236.48,256.65,235.84,194.38,6.21,6.82,5.24,7.13,
23:53:40,,13.50,9.5028E+00,9.3349E+00,9.1905E+00,9.1718E+00,,23.176,23.667,24.613,23.491,,236.53,256.70,235.86,194.42,6.21,6.80,5.22,7.11,
23:53:42,,13.50,9.5001E+00,9.3351E+00,9.19E+00,9.1676E+00,,23.179,23.667,24.613,23.496,,236.58,256.72,235.89,194.45,6.21,6.80,5.21,7.11,
23:53:44,,13.50,9.4984E+00,9.3314E+00,9.1884E+00,9.1613E+00,,23.181,23.672,24.615,23.504,,236.59,256.72,235.92,194.49,6.22,6.80,5.23,7.11,
23:53:46,,13.50,9.5001E+00,9.329E+00,9.1839E+00,9.16E+00,,23.179,23.674,24.621,23.506,,236.63,256.74,235.97,194.51,6.28,6.83,5.26,7.14,
23:53:48,,13.50,9.5023E+00,9.3266E+00,9.1782E+00,9.1584E+00,,23.176,23.677,24.628,23.508,,236.65,256.79,235.99,194.55,6.37,6.86,5.29,7.16,
23:53:50,,13.50,9.4998E+00,9.3268E+00,9.1728E+00,9.1582E+00,,23.179,23.677,24.635,23.508,,236.65,256.84,236.03,194.58,6.30,6.84,5.26,7.14,
23:53:52,,13.50,9.4979E+00,9.3236E+00,9.1709E+00,9.1495E+00,,23.181,23.681,24.637,23.518,,236.66,256.87,236.05,194.64,6.25,6.82,5.26,7.13,
23:53:54,,13.50,9.4921E+00,9.3196E+00,9.1712E+00,9.1422E+00,,23.188,23.686,24.637,23.528,,236.70,256.90,236.10,194.70,6.25,6.82,5.27,7.15,
23:53:56,,13.49,9.4883E+00,9.3121E+00,9.1686E+00,9.133E+00,,23.193,23.696,24.640,23.539,,236.76,256.96,236.12,194.79,6.34,6.85,5.27,7.16,
23:53:58,,13.51,9.485E+00,9.306E+00,9.1652E+00,9.1341E+00,,23.197,23.703,24.645,23.538,,236.78,257.05,236.17,194.86,6.37,6.86,5.27,7.16,
23:54:00,,13.51,9.4839E+00,9.2995E+00,9.1621E+00,9.1351E+00,,23.198,23.711,24.649,23.537,,236.80,257.17,236.22,194.94,6.33,6.85,5.26,7.17,
23:54:02,,13.51,9.4803E+00,9.2907E+00,9.158E+00,9.137E+00,,23.203,23.721,24.654,23.534,,236.81,257.27,236.27,194.99,6.26,6.83,5.28,7.15,
23:54:04,,13.51,9.4784E+00,9.2846E+00,9.1543E+00,9.1354E+00,,23.205,23.729,24.659,23.537,,236.85,257.38,236.32,195.07,6.28,6.81,5.28,7.15,
23:54:06,,13.51,9.4773E+00,9.2761E+00,9.1515E+00,9.127E+00,,23.207,23.740,24.663,23.547,,236.87,257.50,236.33,195.16,6.23,6.80,5.28,7.12,
23:54:08,,13.51,9.4751E+00,9.2689E+00,9.1533E+00,9.1247E+00,,23.209,23.749,24.660,23.551,,236.93,257.62,236.37,195.24,6.23,6.81,5.28,7.11,
23:54:10,,13.51,9.4735E+00,9.2601E+00,9.1538E+00,9.1189E+00,,23.211,23.761,24.659,23.558,,236.94,257.73,236.40,195.33,6.27,6.84,5.28,7.14,
23:54:12,,13.50,9.4745E+00,9.2527E+00,9.153E+00,9.1161E+00,,23.209,23.770,24.660,23.562,,237.00,257.84,236.43,195.40,6.28,6.85,5.29,7.14,
23:54:14,,13.51,9.4737E+00,9.2431E+00,9.1504E+00,9.1046E+00,,23.210,23.782,24.664,23.576,,237.02,257.93,236.44,195.47,6.30,6.85,5.28,7.15,
23:54:16,,13.50,9.474E+00,9.2357E+00,9.147E+00,9.0989E+00,,23.210,23.791,24.668,23.583,,237.06,258.02,236.46,195.55,6.19,6.82,5.28,7.11,
23:54:18,,13.51,9.4685E+00,9.2288E+00,9.1413E+00,9.0952E+00,,23.217,23.799,24.676,23.588,,237.05,258.12,236.50,195.63,6.19,6.81,5.28,7.14,
23:54:20,,13.51,9.4702E+00,9.2224E+00,9.138E+00,9.0952E+00,,23.215,23.807,24.680,23.588,,237.06,258.23,236.55,195.69,6.22,6.84,5.28,7.13,
23:54:22,,13.50,9.4685E+00,9.2187E+00,9.133E+00,9.0916E+00,,23.217,23.812,24.687,23.593,,237.05,258.35,236.62,195.75,6.23,6.85,5.27,7.13,
23:54:24,,13.50,9.4696E+00,9.2137E+00,9.1276E+00,9.0864E+00,,23.215,23.819,24.693,23.599,,237.08,258.45,236.70,195.80,6.27,6.86,5.26,7.13,
23:54:26,,13.51,9.468E+00,9.2108E+00,9.1199E+00,9.0817E+00,,23.217,23.822,24.703,23.606,,237.11,258.52,236.78,195.86,6.26,6.85,5.24,7.14,
23:54:28,,13.51,9.4647E+00,9.2045E+00,9.1149E+00,9.0734E+00,,23.222,23.830,24.709,23.616,,237.14,258.56,236.86,195.90,6.33,6.88,5.23,7.18,
23:54:30,,13.51,9.4587E+00,9.1997E+00,9.1124E+00,9.0646E+00,,23.229,23.836,24.713,23.628,,237.16,258.61,236.91,195.97,6.28,6.87,5.25,7.16,
23:54:32,,13.50,9.4548E+00,9.1968E+00,9.1093E+00,9.0558E+00,,23.234,23.840,24.717,23.639,,237.20,258.66,236.96,196.03,6.22,6.85,5.24,7.16,
23:54:34,,13.50,9.4504E+00,9.1955E+00,9.1044E+00,9.0522E+00,,23.239,23.841,24.724,23.643,,237.27,258.69,236.99,196.09,6.16,6.81,5.25,7.11,
23:54:36,,13.50,9.448E+00,9.1955E+00,9.1023E+00,9.0457E+00,,23.242,23.841,24.726,23.652,,237.34,258.74,237.03,196.14,6.26,6.82,5.28,7.14,
23:54:38,,13.51,9.4406E+00,9.1942E+00,9.1005E+00,9.0416E+00,,23.252,23.843,24.728,23.657,,237.41,258.79,237.06,196.19,6.31,6.84,5.30,7.14,
23:54:40,,13.51,9.434E+00,9.19E+00,9.0982E+00,9.0359E+00,,23.259,23.849,24.731,23.664,,237.45,258.86,237.11,196.26,6.36,6.86,5.32,7.18,
23:54:42,,13.51,9.4324E+00,9.1826E+00,9.0915E+00,9.0346E+00,,23.261,23.858,24.740,23.666,,237.48,258.92,237.17,196.31,6.28,6.84,5.30,7.18,
23:54:44,,13.50,9.4308E+00,9.1794E+00,9.0855E+00,9.032E+00,,23.263,23.862,24.747,23.670,,237.47,258.97,237.27,196.36,6.25,6.82,5.28,7.18,
23:54:46,,13.50,9.4362E+00,9.1789E+00,9.0801E+00,9.03E+00,,23.257,23.862,24.754,23.672,,237.49,259.02,237.36,196.39,6.26,6.81,5.27,7.17,
23:54:48,,13.51,9.4357E+00,9.1778E+00,9.074E+00,9.0333E+00,,23.257,23.863,24.762,23.668,,237.51,259.06,237.46,196.46,6.33,6.84,5.28,7.17,
23:54:50,,13.50,9.4376E+00,9.1729E+00,9.0678E+00,9.0307E+00,,23.255,23.870,24.770,23.671,,237.55,259.13,237.55,196.50,6.40,6.85,5.31,7.18,
23:54:52,,13.50,9.4343E+00,9.1689E+00,9.0606E+00,9.0287E+00,,23.259,23.875,24.780,23.674,,237.53,259.18,237.63,196.54,6.37,6.85,5.33,7.17,
23:54:54,,13.49,9.4319E+00,9.1647E+00,9.0552E+00,9.022E+00,,23.262,23.881,24.787,23.683,,237.56,259.24,237.68,196.56,6.37,6.87,5.32,7.18,
23:54:56,,13.49,9.4278E+00,9.1639E+00,9.0506E+00,9.0166E+00,,23.267,23.882,24.793,23.690,,237.58,259.25,237.72,196.57,6.36,6.89,5.31,7.17,
23:54:58,,13.49,9.4212E+00,9.1587E+00,9.0476E+00,9.0158E+00,,23.275,23.888,24.797,23.691,,237.64,259.28,237.77,196.60,6.36,6.87,5.28,7.18,
23:55:00,,13.50,9.4161E+00,9.1579E+00,9.0458E+00,9.014E+00,,23.281,23.889,24.800,23.693,,237.70,259.31,237.81,196.62,6.30,6.83,5.27,7.16,
23:55:02,,13.50,9.4128E+00,9.155E+00,9.0424E+00,9.0163E+00,,23.285,23.893,24.804,23.690,,237.75,259.34,237.88,196.65,6.25,6.80,5.26,7.13,
23:55:04,,13.50,9.4092E+00,9.1571E+00,9.0371E+00,9.0145E+00,,23.289,23.890,24.811,23.692,,237.84,259.36,237.92,196.68,6.25,6.81,5.27,7.12,
23:55:06,,13.50,9.4063E+00,9.156E+00,9.0322E+00,9.0111E+00,,23.293,23.892,24.817,23.696,,237.89,259.34,237.98,196.69,6.23,6.83,5.29,7.10,
23:55:08,,13.50,9.4008E+00,9.1553E+00,9.0289E+00,9.0091E+00,,23.300,23.893,24.821,23.699,,237.98,259.34,238.01,196.71,6.20,6.83,5.29,7.11,
23:55:10,,13.49,9.3948E+00,9.1516E+00,9.0271E+00,9.0027E+00,,23.307,23.897,24.823,23.708,,238.03,259.32,238.08,196.76,6.15,6.84,5.30,7.08,
23:55:12,,13.50,9.3894E+00,9.1511E+00,9.026E+00,9.0001E+00,,23.313,23.898,24.825,23.711,,238.10,259.34,238.14,196.81,6.20,6.85,5.31,7.13,
23:55:14,,13.50,9.3867E+00,9.1503E+00,9.0232E+00,8.9955E+00,,23.317,23.899,24.828,23.717,,238.14,259.34,238.19,196.87,6.30,6.85,5.33,7.16,
23:55:16,,13.51,9.3878E+00,9.1529E+00,9.0189E+00,8.9942E+00,,23.315,23.895,24.834,23.718,,238.18,259.37,238.24,196.91,6.38,6.85,5.33,7.19,
23:55:18,,13.50,9.3843E+00,9.1555E+00,9.0118E+00,8.9939E+00,,23.320,23.892,24.843,23.719,,238.21,259.35,238.30,196.97,6.38,6.83,5.32,7.19,
23:55:20,,13.49,9.3807E+00,9.1576E+00,9.0077E+00,8.9906E+00,,23.324,23.889,24.849,23.723,,238.23,259.34,238.36,197.00,6.28,6.84,5.31,7.17,
23:55:22,,13.49,9.3769E+00,9.1592E+00,9.0049E+00,8.9867E+00,,23.329,23.887,24.853,23.728,,238.29,259.31,238.43,197.03,6.25,6.83,5.30,7.17,
23:55:24,,13.49,9.3769E+00,9.1605E+00,9.0021E+00,8.9793E+00,,23.329,23.885,24.857,23.738,,238.32,259.30,238.46,197.05,6.25,6.82,5.31,7.17,
23:55:26,,13.50,9.3764E+00,9.1663E+00,8.9977E+00,8.9791E+00,,23.329,23.878,24.862,23.739,,238.35,259.30,238.50,197.06,6.33,6.84,5.29,7.18,
23:55:28,,13.50,9.3788E+00,9.1671E+00,8.9955E+00,8.9791E+00,,23.326,23.878,24.865,23.739,,238.33,259.29,238.53,197.10,6.35,6.83,5.29,7.17,
23:55:30,,13.49,9.3764E+00,9.1689E+00,8.9942E+00,8.9803E+00,,23.330,23.876,24.867,23.737,,238.33,259.26,238.58,197.12,6.30,6.83,5.29,7.14,
23:55:32,,13.49,9.3721E+00,9.1637E+00,8.9916E+00,8.9803E+00,,23.335,23.882,24.870,23.737,,238.38,259.24,238.62,197.13,6.30,6.82,5.32,7.15,
23:55:34,,13.49,9.3661E+00,9.1642E+00,8.9876E+00,8.9796E+00,,23.343,23.881,24.875,23.737,,238.42,259.22,238.64,197.12,6.27,6.84,5.31,7.15,
23:55:36,,13.49,9.3626E+00,9.1631E+00,8.9835E+00,8.9801E+00,,23.347,23.882,24.881,23.737,,238.47,259.22,238.66,197.13,6.25,6.82,5.32,7.15,
23:55:38,,13.49,9.3658E+00,9.1676E+00,8.9825E+00,8.9811E+00,,23.343,23.877,24.882,23.736,,238.43,259.22,238.67,197.17,6.26,6.82,5.29,7.16,
23:55:40,,13.48,9.3664E+00,9.1697E+00,8.9812E+00,8.9832E+00,,23.342,23.874,24.884,23.733,,238.40,259.22,238.73,197.19,6.31,6.82,5.29,7.16,
23:55:42,,13.49,9.3704E+00,9.1689E+00,8.9777E+00,8.9826E+00,,23.337,23.875,24.888,23.733,,238.38,259.22,238.80,197.19,6.31,6.83,5.29,7.17,
23:55:44,,13.51,9.3734E+00,9.1676E+00,8.9711E+00,8.9819E+00,,23.333,23.877,24.897,23.734,,238.40,259.21,238.88,197.19,6.22,6.82,5.27,7.13,
23:55:46,,13.50,9.3702E+00,9.1679E+00,8.9627E+00,8.9803E+00,,23.337,23.876,24.908,23.737,,238.45,259.24,238.94,197.20,6.21,6.83,5.29,7.14,
23:55:48,,13.50,9.3666E+00,9.1708E+00,8.9569E+00,8.9783E+00,,23.342,23.873,24.915,23.740,,238.49,259.22,239.01,197.24,6.21,6.84,5.27,7.13,
23:55:50,,13.49,9.3569E+00,9.1684E+00,8.9526E+00,8.9755E+00,,23.354,23.876,24.921,23.743,,238.55,259.22,239.09,197.25,6.30,6.83,5.29,7.17,
23:55:52,,13.50,9.3558E+00,9.1655E+00,8.9521E+00,8.9721E+00,,23.356,23.880,24.922,23.748,,238.57,259.22,239.16,197.28,6.26,6.81,5.28,7.17,
23:55:54,,13.49,9.3577E+00,9.1616E+00,8.9483E+00,8.9711E+00,,23.353,23.885,24.927,23.749,,238.58,259.23,239.18,197.30,6.24,6.80,5.29,7.17,
23:55:56,,13.49,9.3591E+00,9.1602E+00,8.9452E+00,8.9668E+00,,23.351,23.886,24.931,23.755,,238.57,259.24,239.22,197.34,6.24,6.82,5.28,7.15,
23:55:58,,13.49,9.3604E+00,9.1631E+00,8.9422E+00,8.9663E+00,,23.349,23.882,24.935,23.755,,238.58,259.26,239.26,197.39,6.28,6.82,5.27,7.14,
23:56:00,,13.50,9.3566E+00,9.1626E+00,8.9402E+00,8.9614E+00,,23.354,23.883,24.938,23.761,,238.59,259.30,239.30,197.43,6.28,6.82,5.26,7.14,
23:56:02,,13.50,9.355E+00,9.1618E+00,8.9389E+00,8.9573E+00,,23.356,23.884,24.939,23.766,,238.60,259.33,239.33,197.48,6.25,6.80,5.27,7.14,
23:56:04,,13.50,9.3512E+00,9.1602E+00,8.9349E+00,8.9507E+00,,23.361,23.886,24.945,23.775,,238.65,259.35,239.36,197.51,6.20,6.81,5.26,7.13,
23:56:06,,13.49,9.3464E+00,9.1605E+00,8.9344E+00,8.9438E+00,,23.367,23.885,24.945,23.784,,238.73,259.39,239.40,197.57,6.29,6.84,5.29,7.17,
23:56:08,,13.50,9.3429E+00,9.1563E+00,8.9313E+00,8.9382E+00,,23.371,23.891,24.949,23.792,,238.81,259.45,239.45,197.64,6.33,6.86,5.30,7.18,
23:56:10,,13.50,9.338E+00,9.1511E+00,8.9306E+00,8.9267E+00,,23.378,23.898,24.950,23.807,,238.83,259.48,239.48,197.75,6.32,6.86,5.29,7.19,
23:56:12,,13.50,9.3348E+00,9.1471E+00,8.9286E+00,8.9178E+00,,23.381,23.903,24.953,23.818,,238.87,259.54,239.53,197.85,6.27,6.87,5.30,7.19,
23:56:14,,13.49,9.3329E+00,9.1461E+00,8.9255E+00,8.9097E+00,,23.384,23.905,24.957,23.829,,238.88,259.60,239.55,197.95,6.25,6.86,5.32,7.18,
23:56:16,,13.48,9.3323E+00,9.1398E+00,8.924E+00,8.9054E+00,,23.384,23.913,24.959,23.834,,238.93,259.67,239.57,198.03,6.31,6.86,5.32,7.18,
23:56:18,,13.49,9.3326E+00,9.1335E+00,8.9192E+00,8.8983E+00,,23.384,23.921,24.965,23.844,,238.96,259.73,239.59,198.10,6.29,6.82,5.30,7.15,
23:56:20,,13.49,9.3302E+00,9.1265E+00,8.9157E+00,8.8912E+00,,23.386,23.930,24.970,23.853,,238.97,259.78,239.63,198.20,6.25,6.82,5.27,7.15,
23:56:22,,13.49,9.3332E+00,9.1254E+00,8.9112E+00,8.8846E+00,,23.383,23.931,24.976,23.862,,238.99,259.86,239.70,198.25,6.29,6.83,5.28,7.15,
23:56:24,,13.49,9.3318E+00,9.1194E+00,8.9059E+00,8.8795E+00,,23.385,23.938,24.983,23.869,,239.00,259.92,239.79,198.33,6.28,6.82,5.28,7.14,
23:56:26,,13.49,9.3332E+00,9.1155E+00,8.9019E+00,8.8689E+00,,23.384,23.943,24.988,23.883,,239.03,259.98,239.91,198.38,6.24,6.80,5.30,7.11,
23:56:28,,13.49,9.3297E+00,9.11E+00,8.8943E+00,8.8672E+00,,23.388,23.950,24.998,23.885,,239.05,260.00,240.00,198.42,6.23,6.81,5.30,7.11,
23:56:30,,13.49,9.3286E+00,9.11E+00,8.8885E+00,8.8631E+00,,23.389,23.950,25.006,23.891,,239.07,260.06,240.10,198.44,6.25,6.83,5.32,7.12,
23:56:32,,13.49,9.3267E+00,9.109E+00,8.8798E+00,8.8674E+00,,23.392,23.951,25.018,23.885,,239.05,260.11,240.18,198.45,6.26,6.84,5.30,7.16,
23:56:34,,13.50,9.3213E+00,9.1056E+00,8.8727E+00,8.8641E+00,,23.398,23.956,25.027,23.889,,239.07,260.17,240.26,198.47,6.27,6.82,5.29,7.15,
23:56:36,,13.51,9.3151E+00,9.1004E+00,8.8687E+00,8.8654E+00,,23.406,23.962,25.032,23.887,,239.12,260.22,240.33,198.47,6.30,6.83,5.29,7.18,
23:56:38,,13.50,9.313E+00,9.0988E+00,8.866E+00,8.8631E+00,,23.408,23.965,25.036,23.890,,239.21,260.27,240.36,198.48,6.28,6.83,5.29,7.15,
23:56:40,,13.49,9.3132E+00,9.0949E+00,8.8645E+00,8.8646E+00,,23.407,23.969,25.038,23.888,,239.26,260.33,240.42,198.47,6.25,6.84,5.28,7.16,
23:56:42,,13.48,9.3159E+00,9.0905E+00,8.8617E+00,8.8631E+00,,23.404,23.975,25.042,23.890,,239.28,260.37,240.46,198.48,6.28,6.86,5.27,7.16,
23:56:44,,13.49,9.3089E+00,9.0824E+00,8.861E+00,8.8626E+00,,23.413,23.986,25.043,23.891,,239.30,260.42,240.53,198.48,6.37,6.88,5.30,7.18,
23:56:46,,13.49,9.306E+00,9.079E+00,8.8557E+00,8.8553E+00,,23.417,23.990,25.050,23.900,,239.33,260.43,240.60,198.49,6.33,6.85,5.29,7.17,
23:56:48,,13.50,9.302E+00,9.0801E+00,8.8515E+00,8.8568E+00,,23.422,23.989,25.056,23.898,,239.36,260.48,240.68,198.47,6.33,6.86,5.31,7.16,
23:56:50,,13.50,9.3054E+00,9.0809E+00,8.8465E+00,8.8513E+00,,23.418,23.988,25.062,23.906,,239.39,260.54,240.77,198.47,6.28,6.84,5.29,7.15,
23:56:52,,13.50,9.3025E+00,9.0793E+00,8.842E+00,8.8583E+00,,23.422,23.990,25.068,23.896,,239.42,260.62,240.83,198.47,6.34,6.86,5.29,7.16,
23:56:54,,13.50,9.3009E+00,9.0746E+00,8.8367E+00,8.8576E+00,,23.424,23.996,25.075,23.897,,239.44,260.68,240.87,198.48,6.30,6.84,5.29,7.16,
23:56:56,,13.50,9.2993E+00,9.071E+00,8.8308E+00,8.8629E+00,,23.426,24.000,25.083,23.890,,239.44,260.75,240.93,198.46,6.34,6.86,5.28,7.17,
23:56:58,,13.49,9.299E+00,9.064E+00,8.8285E+00,8.8571E+00,,23.426,24.009,25.086,23.898,,239.45,260.83,240.98,198.45,6.30,6.85,5.28,7.14,
23:57:00,,13.48,9.2987E+00,9.0557E+00,8.824E+00,8.8566E+00,,23.426,24.019,25.092,23.899,,239.48,260.92,241.05,198.45,6.35,6.85,5.27,7.15,
23:57:02,,13.48,9.2947E+00,9.0495E+00,8.821E+00,8.8538E+00,,23.431,24.028,25.096,23.903,,239.50,261.00,241.10,198.46,6.29,6.83,5.27,7.12,
23:57:04,,13.49,9.2936E+00,9.0438E+00,8.8166E+00,8.8571E+00,,23.433,24.035,25.102,23.898,,239.52,261.07,241.16,198.46,6.34,6.86,5.28,7.15,
23:57:06,,13.50,9.2939E+00,9.0404E+00,8.8148E+00,8.85E+00,,23.432,24.040,25.105,23.908,,239.53,261.16,241.20,198.47,6.26,6.86,5.27,7.12,
23:57:08,,13.50,9.288E+00,9.035E+00,8.8119E+00,8.8505E+00,,23.439,24.047,25.108,23.907,,239.59,261.20,241.23,198.50,6.25,6.86,5.29,7.13,
23:57:10,,13.49,9.2845E+00,9.0363E+00,8.8059E+00,8.8412E+00,,23.444,24.045,25.116,23.919,,239.65,261.22,241.23,198.52,6.17,6.85,5.28,7.12,
23:57:12,,13.50,9.276E+00,9.0358E+00,8.8019E+00,8.8455E+00,,23.454,24.046,25.121,23.914,,239.72,261.23,241.29,198.54,6.23,6.84,5.28,7.14,
23:57:14,,13.50,9.2762E+00,9.0366E+00,8.7974E+00,8.8394E+00,,23.454,24.044,25.127,23.922,,239.77,261.26,241.34,198.56,6.27,6.83,5.26,7.15,
23:57:16,,13.50,9.2711E+00,9.0347E+00,8.7979E+00,8.8425E+00,,23.460,24.047,25.126,23.918,,239.80,261.29,241.39,198.60,6.33,6.84,5.28,7.16,
23:57:18,,13.49,9.2677E+00,9.0342E+00,8.7935E+00,8.8404E+00,,23.464,24.047,25.133,23.920,,239.81,261.31,241.44,198.61,6.30,6.83,5.27,7.17,
23:57:20,,13.50,9.2663E+00,9.0316E+00,8.7878E+00,8.8417E+00,,23.466,24.051,25.140,23.918,,239.87,261.34,241.52,198.63,6.29,6.83,5.29,7.18,
23:57:22,,13.49,9.2669E+00,9.0257E+00,8.7828E+00,8.8389E+00,,23.466,24.059,25.147,23.922,,239.89,261.40,241.62,198.67,6.29,6.85,5.27,7.18,
23:57:24,,13.49,9.2669E+00,9.0164E+00,8.7771E+00,8.8354E+00,,23.466,24.071,25.155,23.927,,239.94,261.48,241.73,198.72,6.31,6.85,5.27,7.14,
23:57:26,,13.49,9.2594E+00,9.0087E+00,8.7714E+00,8.8327E+00,,23.475,24.081,25.163,23.931,,239.96,261.57,241.82,198.75,6.32,6.86,5.25,7.13,
23:57:28,,13.49,9.257E+00,9.0046E+00,8.7625E+00,8.8251E+00,,23.478,24.086,25.174,23.940,,239.99,261.68,241.91,198.78,6.33,6.85,5.24,7.13,
23:57:30,,13.49,9.2556E+00,8.9997E+00,8.7561E+00,8.8151E+00,,23.480,24.092,25.183,23.954,,240.00,261.77,241.96,198.82,6.29,6.83,5.23,7.11,
23:57:32,,13.48,9.2586E+00,8.9958E+00,8.7529E+00,8.8101E+00,,23.476,24.097,25.187,23.960,,240.01,261.86,242.02,198.87,6.26,6.81,5.25,7.09,
23:57:34,,13.48,9.2551E+00,8.9879E+00,8.7519E+00,8.8051E+00,,23.480,24.108,25.189,23.967,,240.02,261.94,242.07,198.93,6.18,6.80,5.24,7.07,
23:57:36,,13.48,9.253E+00,8.9835E+00,8.7499E+00,8.8028E+00,,23.483,24.113,25.191,23.970,,240.08,262.04,242.11,198.99,6.25,6.84,5.27,7.13,
23:57:38,,13.49,9.2479E+00,8.9804E+00,8.7457E+00,8.7923E+00,,23.489,24.117,25.197,23.984,,240.14,262.10,242.15,199.08,6.26,6.84,5.29,7.16,
23:57:40,,13.49,9.245E+00,8.9789E+00,8.7425E+00,8.7876E+00,,23.493,24.119,25.201,23.990,,240.20,262.16,242.17,199.17,6.30,6.86,5.32,7.18,
23:57:42,,13.49,9.2405E+00,8.9761E+00,8.7403E+00,8.7768E+00,,23.498,24.122,25.204,24.005,,240.24,262.19,242.21,199.29,6.31,6.87,5.33,7.16,
23:57:44,,13.50,9.2327E+00,8.9712E+00,8.7386E+00,8.7701E+00,,23.508,24.129,25.207,24.014,,240.28,262.24,242.26,199.41,6.32,6.86,5.31,7.14,
23:57:46,,13.50,9.2261E+00,8.9689E+00,8.7339E+00,8.7574E+00,,23.516,24.132,25.213,24.031,,240.37,262.25,242.32,199.55,6.32,6.85,5.29,7.13,
23:57:48,,13.49,9.22E+00,8.9674E+00,8.7295E+00,8.7442E+00,,23.524,24.135,25.219,24.048,,240.45,262.28,242.39,199.71,6.32,6.85,5.28,7.14,
23:57:50,,13.49,9.2184E+00,8.9661E+00,8.7238E+00,8.7293E+00,,23.526,24.136,25.227,24.069,,240.50,262.30,242.45,199.85,6.31,6.87,5.27,7.17,
23:57:52,,13.49,9.2181E+00,8.9615E+00,8.7219E+00,8.7241E+00,,23.527,24.142,25.230,24.076,,240.48,262.34,242.51,199.92,6.32,6.87,5.29,7.18,
23:57:54,,13.50,9.2224E+00,8.9579E+00,8.7182E+00,8.7202E+00,,23.521,24.147,25.235,24.081,,240.42,262.36,242.53,199.97,6.31,6.86,5.28,7.18,
23:57:56,,13.50,9.2288E+00,8.9574E+00,8.7192E+00,8.7066E+00,,23.513,24.148,25.233,24.099,,240.38,262.37,242.53,200.04,6.39,6.86,5.29,7.18,
23:57:58,,13.50,9.2311E+00,8.9581E+00,8.7209E+00,8.6915E+00,,23.510,24.146,25.231,24.119,,240.34,262.38,242.45,200.10,6.34,6.85,5.26,7.16,
23:58:00,,13.50,9.2341E+00,8.9676E+00,8.7354E+00,8.6888E+00,,23.506,24.134,25.211,24.123,,240.33,262.25,242.25,199.93,6.34,6.84,5.28,7.15,
23:58:02,,13.49,9.2349E+00,8.9921E+00,8.7666E+00,8.723E+00,,23.505,24.102,25.169,24.078,,240.26,261.92,241.84,199.28,6.25,6.82,5.26,7.13,
23:58:04,,13.50,9.2482E+00,9.032E+00,8.8102E+00,8.7695E+00,,23.489,24.050,25.110,24.015,,240.13,261.36,241.29,198.04,6.27,6.83,5.28,7.16,
23:58:06,,13.50,9.2677E+00,9.0703E+00,8.8535E+00,8.8222E+00,,23.465,24.001,25.052,23.945,,239.86,260.79,240.71,196.41,6.17,6.81,5.23,7.12,
23:58:08,,13.51,9.2977E+00,9.096E+00,8.8878E+00,8.8632E+00,,23.428,23.968,25.006,23.891,,239.58,260.39,240.23,194.82,6.25,6.83,5.25,7.12,
23:58:10,,13.51,9.3178E+00,9.1074E+00,8.9114E+00,8.9001E+00,,23.402,23.953,24.975,23.842,,239.28,260.21,239.91,193.54,6.28,6.83,5.26,7.13,
23:58:12,,13.52,9.3326E+00,9.1124E+00,8.9248E+00,8.9359E+00,,23.384,23.947,24.958,23.795,,239.05,260.17,239.71,192.63,6.38,6.84,5.29,7.17,
23:58:14,,13.51,9.3442E+00,9.1131E+00,8.9331E+00,8.9758E+00,,23.369,23.946,24.947,23.743,,238.85,260.14,239.57,192.07,6.29,6.82,5.29,7.16,
23:58:16,,13.52,9.3526E+00,9.1173E+00,8.9458E+00,9.0197E+00,,23.359,23.940,24.931,23.686,,238.75,260.07,239.36,191.76,6.23,6.80,5.27,7.12,
23:58:18,,13.53,9.3555E+00,9.1252E+00,8.9681E+00,9.0738E+00,,23.356,23.930,24.901,23.616,,238.70,259.96,239.06,191.61,6.15,6.79,5.28,7.11,
23:58:20,,13.54,9.3569E+00,9.1401E+00,8.9955E+00,9.1177E+00,,23.354,23.912,24.865,23.559,,238.69,259.76,238.66,191.56,6.22,6.82,5.29,7.12,
23:58:22,,13.54,9.3661E+00,9.1532E+00,9.0261E+00,9.1619E+00,,23.342,23.895,24.824,23.503,,238.63,259.52,238.23,191.59,6.24,6.84,5.29,7.14,
23:58:24,,13.53,9.3777E+00,9.1726E+00,9.055E+00,9.1998E+00,,23.328,23.871,24.787,23.455,,238.50,259.23,237.78,191.66,6.32,6.86,5.31,7.16,
23:58:26,,13.53,9.3919E+00,9.19E+00,9.0809E+00,9.2429E+00,,23.311,23.849,24.753,23.401,,238.24,258.88,237.41,191.74,6.26,6.85,5.29,7.14,
23:58:28,,13.54,9.4098E+00,9.2137E+00,9.1041E+00,9.2868E+00,,23.289,23.819,24.723,23.346,,237.92,258.52,237.08,191.74,6.34,6.86,5.29,7.15,
23:58:30,,13.54,9.4398E+00,9.2416E+00,9.1271E+00,9.3322E+00,,23.252,23.784,24.693,23.289,,237.51,258.09,236.71,191.68,6.25,6.83,5.27,7.14,
23:58:32,,13.54,9.4746E+00,9.2703E+00,9.1577E+00,9.3812E+00,,23.210,23.748,24.654,23.229,,237.05,257.70,236.28,191.56,6.28,6.83,5.26,7.14,
23:58:34,,13.53,9.5114E+00,9.2977E+00,9.1884E+00,9.4247E+00,,23.166,23.713,24.615,23.175,,236.55,257.28,235.84,191.39,6.22,6.81,5.24,7.13,
23:58:36,,13.53,9.5415E+00,9.3188E+00,9.2221E+00,9.4655E+00,,23.129,23.687,24.572,23.125,,236.13,256.91,235.37,191.21,6.29,6.84,5.24,7.15,
23:58:38,,13.53,9.5678E+00,9.3368E+00,9.2547E+00,9.4992E+00,,23.097,23.664,24.531,23.083,,235.78,256.62,234.89,190.98,6.34,6.85,5.25,7.16,
23:58:40,,13.55,9.587E+00,9.3556E+00,9.2873E+00,9.5418E+00,,23.074,23.641,24.490,23.032,,235.48,256.37,234.44,190.72,6.34,6.85,5.28,7.18,
23:58:42,,13.54,9.6068E+00,9.3726E+00,9.318E+00,9.5779E+00,,23.050,23.620,24.451,22.988,,235.21,256.14,234.06,190.44,6.37,6.82,5.27,7.15,
23:58:44,,13.54,9.6182E+00,9.3879E+00,9.3443E+00,9.6178E+00,,23.037,23.602,24.418,22.941,,234.98,255.90,233.69,190.15,6.37,6.82,5.30,7.17,
23:58:46,,13.53,9.635E+00,9.4017E+00,9.3733E+00,9.6521E+00,,23.017,23.584,24.381,22.900,,234.76,255.69,233.29,189.88,6.40,6.82,5.30,7.18,
23:58:48,,13.54,9.6501E+00,9.4169E+00,9.4019E+00,9.6871E+00,,22.999,23.566,24.346,22.858,,234.56,255.47,232.89,189.61,6.32,6.81,5.28,7.17,
23:58:50,,13.54,9.6689E+00,9.4332E+00,9.43E+00,9.7208E+00,,22.977,23.546,24.311,22.818,,234.38,255.22,232.55,189.35,6.27,6.80,5.27,7.14,
23:58:52,,13.54,9.6839E+00,9.4495E+00,9.4488E+00,9.7521E+00,,22.959,23.526,24.288,22.781,,234.18,254.93,232.27,189.10,6.28,6.80,5.28,7.14,
23:58:54,,13.55,9.6988E+00,9.4661E+00,9.4664E+00,9.7824E+00,,22.941,23.505,24.266,22.745,,234.00,254.66,232.03,188.83,6.32,6.83,5.31,7.16,
23:58:56,,13.55,9.72E+00,9.4817E+00,9.4847E+00,9.8097E+00,,22.916,23.486,24.243,22.714,,233.77,254.37,231.76,188.55,6.29,6.82,5.30,7.16,
23:58:58,,13.55,9.7421E+00,9.5006E+00,9.5067E+00,9.8331E+00,,22.890,23.463,24.216,22.686,,233.53,254.11,231.48,188.29,6.20,6.82,5.28,7.13,
23:59:00,,13.55,9.7617E+00,9.5173E+00,9.5276E+00,9.8591E+00,,22.867,23.443,24.191,22.656,,233.29,253.82,231.25,188.06,6.16,6.81,5.26,7.11,
23:59:02,,13.55,9.7696E+00,9.5382E+00,9.5453E+00,9.883E+00,,22.858,23.417,24.169,22.628,,233.11,253.57,231.06,187.86,6.17,6.82,5.25,7.11,
23:59:04,,13.55,9.7805E+00,9.5528E+00,9.5589E+00,9.9068E+00,,22.845,23.400,24.152,22.600,,232.97,253.32,230.90,187.66,6.27,6.84,5.26,7.13,
23:59:06,,13.55,9.791E+00,9.571E+00,9.5736E+00,9.9227E+00,,22.833,23.378,24.134,22.582,,232.79,253.08,230.73,187.50,6.34,6.84,5.28,7.17,
23:59:08,,13.55,9.8084E+00,9.5898E+00,9.586E+00,9.9369E+00,,22.813,23.356,24.119,22.566,,232.58,252.81,230.53,187.35,6.32,6.84,5.28,7.15,
23:59:10,,13.53,9.8222E+00,9.6117E+00,9.601E+00,9.949E+00,,22.797,23.329,24.101,22.552,,232.34,252.57,230.36,187.26,6.25,6.83,5.29,7.16,
23:59:12,,13.53,9.8365E+00,9.6256E+00,9.6134E+00,9.9664E+00,,22.780,23.312,24.086,22.532,,232.12,252.35,230.18,187.16,6.26,6.83,5.29,7.16,
23:59:14,,13.53,9.8552E+00,9.6384E+00,9.6274E+00,9.9839E+00,,22.758,23.297,24.069,22.511,,231.90,252.17,230.02,187.05,6.33,6.85,5.34,7.20,
23:59:16,,13.55,9.8704E+00,9.6465E+00,9.6414E+00,9.9975E+00,,22.740,23.287,24.052,22.496,,231.70,252.01,229.83,186.93,6.32,6.83,5.33,7.16,
23:59:18,,13.55,9.8874E+00,9.6591E+00,9.6574E+00,1.0008E+01,,22.721,23.272,24.033,22.484,,231.49,251.88,229.64,186.81,6.29,6.85,5.33,7.14,
23:59:20,,13.55,9.8973E+00,9.6717E+00,9.6721E+00,1.0013E+01,,22.709,23.257,24.015,22.479,,231.30,251.76,229.46,186.74,6.24,6.83,5.31,7.13,
23:59:22,,13.55,9.9062E+00,9.6834E+00,9.6829E+00,1.0013E+01,,22.699,23.243,24.002,22.478,,231.15,251.63,229.30,186.74,6.28,6.82,5.30,7.14,
23:59:24,,13.55,9.9137E+00,9.6949E+00,9.6942E+00,1.0002E+01,,22.691,23.230,23.989,22.491,,231.04,251.51,229.14,186.81,6.28,6.81,5.30,7.16,
23:59:26,,13.56,9.9239E+00,9.7E+00,9.7015E+00,9.9952E+00,,22.679,23.223,23.980,22.498,,230.94,251.39,229.01,186.88,6.26,6.81,5.30,7.14,
23:59:28,,13.56,9.9323E+00,9.7056E+00,9.7098E+00,9.992E+00,,22.669,23.217,23.970,22.502,,230.86,251.28,228.90,186.93,6.21,6.81,5.31,7.13,
23:59:30,,13.55,9.9372E+00,9.7107E+00,9.7156E+00,9.9969E+00,,22.664,23.211,23.963,22.496,,230.76,251.17,228.80,186.96,6.23,6.80,5.30,7.13,
23:59:32,,13.54,9.9387E+00,9.7242E+00,9.7259E+00,9.9993E+00,,22.662,23.195,23.951,22.494,,230.62,251.06,228.67,186.99,6.34,6.82,5.29,7.16,
23:59:34,,13.55,9.9451E+00,9.7329E+00,9.7415E+00,1E+01,,22.655,23.185,23.932,22.493,,230.48,250.99,228.51,187.00,6.43,6.85,5.30,7.21,
23:59:36,,13.56,9.9547E+00,9.7385E+00,9.7549E+00,1.0002E+01,,22.643,23.178,23.916,22.491,,230.35,250.91,228.35,186.97,6.37,6.86,5.29,7.19,
23:59:38,,13.56,9.9675E+00,9.7397E+00,9.7692E+00,1.0006E+01,,22.628,23.177,23.899,22.486,,230.23,250.83,228.22,186.91,6.36,6.88,5.32,7.19,
23:59:40,,13.56,9.978E+00,9.7439E+00,9.7756E+00,1.001E+01,,22.617,23.172,23.891,22.482,,230.09,250.72,228.10,186.87,6.27,6.86,5.31,7.17,
23:59:42,,13.55,9.9859E+00,9.7498E+00,9.7835E+00,1.0018E+01,,22.608,23.165,23.882,22.473,,229.96,250.62,228.03,186.86,6.25,6.85,5.28,7.15,
23:59:44,,13.55,9.9923E+00,9.7541E+00,9.7888E+00,1.0015E+01,,22.601,23.160,23.875,22.476,,229.92,250.55,227.96,186.87,6.25,6.83,5.27,7.16,
23:59:46,,13.56,9.9976E+00,9.7626E+00,9.7952E+00,1.0021E+01,,22.595,23.149,23.868,22.469,,229.89,250.48,227.93,186.83,6.29,6.83,5.27,7.15,
23:59:48,,13.54,9.9982E+00,9.7702E+00,9.8014E+00,1.0023E+01,,22.594,23.140,23.860,22.467,,229.89,250.39,227.89,186.75,6.28,6.82,5.30,7.15,
23:59:50,,13.55,9.9967E+00,9.777E+00,9.8034E+00,1.0036E+01,,22.595,23.132,23.858,22.451,,229.88,250.30,227.83,186.68,6.20,6.81,5.27,7.13,
23:59:52,,13.55,9.99E+00,9.7815E+00,9.8082E+00,1.0044E+01,,22.603,23.127,23.852,22.443,,229.89,250.24,227.77,186.66,6.23,6.83,5.29,7.15,
23:59:54,,13.55,9.9876E+00,9.7844E+00,9.8104E+00,1.0051E+01,,22.605,23.124,23.849,22.434,,229.90,250.19,227.71,186.63,6.27,6.84,5.31,7.16,
23:59:56,,13.55,9.9833E+00,9.7864E+00,9.8169E+00,1.0049E+01,,22.611,23.121,23.842,22.437,,229.90,250.15,227.67,186.60,6.33,6.84,5.33,7.17,
23:59:58,,13.54,9.9859E+00,9.7869E+00,9.8194E+00,1.0049E+01,,22.608,23.121,23.839,22.437,,229.90,250.10,227.64,186.58,6.35,6.84,5.30,7.18,
00:00:00,,13.55,9.9888E+00,9.7929E+00,9.82E+00,1.0046E+01,,22.605,23.114,23.838,22.440,,229.88,250.06,227.60,186.57,6.29,6.83,5.26,7.18,
00:00:02,,13.55,9.995E+00,9.796E+00,9.8214E+00,1.005E+01,,22.598,23.111,23.836,22.436,,229.88,250.02,227.57,186.57,6.24,6.84,5.26,7.15,
00:00:04,,13.55,9.9985E+00,9.8006E+00,9.8208E+00,1.0055E+01,,22.593,23.105,23.837,22.431,,229.87,249.97,227.54,186.56,6.21,6.83,5.25,7.14,
00:00:06,,13.55,9.997E+00,9.7977E+00,9.8245E+00,1.006E+01,,22.595,23.108,23.833,22.424,,229.86,249.96,227.50,186.57,6.31,6.86,5.28,7.16,
00:00:08,,13.55,9.9964E+00,9.8012E+00,9.8259E+00,1.0065E+01,,22.596,23.104,23.831,22.420,,229.85,249.96,227.46,186.60,6.37,6.87,5.27,7.15,
00:00:10,,13.55,9.9938E+00,9.8034E+00,9.831E+00,1.0061E+01,,22.599,23.102,23.825,22.423,,229.85,249.94,227.45,186.61,6.39,6.86,5.28,7.15,
00:00:12,,13.55,9.9947E+00,9.8083E+00,9.8316E+00,1.006E+01,,22.598,23.096,23.824,22.426,,229.85,249.93,227.46,186.60,6.37,6.87,5.28,7.14,
00:00:14,,13.54,9.9976E+00,9.8097E+00,9.8318E+00,1.006E+01,,22.594,23.094,23.824,22.425,,229.82,249.92,227.45,186.58,6.33,6.86,5.29,7.18,
00:00:16,,13.54,1.0004E+01,9.8097E+00,9.831E+00,1.006E+01,,22.587,23.094,23.825,22.425,,229.80,249.89,227.42,186.57,6.26,6.86,5.30,7.16,
00:00:18,,13.54,1.0008E+01,9.8108E+00,9.8349E+00,1.0058E+01,,22.582,23.093,23.820,22.427,,229.75,249.88,227.40,186.58,6.27,6.87,5.31,7.16,
00:00:20,,13.54,1.0013E+01,9.8111E+00,9.8332E+00,1.0053E+01,,22.577,23.093,23.822,22.432,,229.73,249.84,227.40,186.56,6.30,6.87,5.31,7.15,
00:00:22,,13.54,1.0011E+01,9.8125E+00,9.8313E+00,1.0057E+01,,22.579,23.091,23.824,22.428,,229.68,249.83,227.42,186.57,6.32,6.86,5.30,7.15,
00:00:24,,13.55,1.0014E+01,9.8111E+00,9.8268E+00,1.006E+01,,22.576,23.092,23.830,22.424,,229.68,249.80,227.45,186.55,6.23,6.82,5.26,7.11,
00:00:26,,13.55,1.0011E+01,9.8111E+00,9.8259E+00,1.0065E+01,,22.579,23.092,23.831,22.420,,229.65,249.78,227.48,186.54,6.17,6.81,5.24,7.07,
00:00:28,,13.55,1.0013E+01,9.8114E+00,9.827E+00,1.0067E+01,,22.577,23.092,23.829,22.416,,229.67,249.77,227.49,186.54,6.19,6.81,5.23,7.09,
00:00:30,,13.54,1.0011E+01,9.8162E+00,9.8262E+00,1.0066E+01,,22.579,23.086,23.831,22.418,,229.65,249.75,227.49,186.52,6.23,6.84,5.25,7.12,
00:00:32,,13.55,1.001E+01,9.8193E+00,9.8273E+00,1.0069E+01,,22.580,23.083,23.829,22.414,,229.65,249.76,227.51,186.50,6.23,6.85,5.24,7.14,
00:00:34,,13.54,1.0011E+01,9.8233E+00,9.8259E+00,1.007E+01,,22.580,23.078,23.831,22.413,,229.66,249.76,227.50,186.47,6.28,6.86,5.29,7.14,
00:00:36,,13.53,1.001E+01,9.8196E+00,9.8273E+00,1.0075E+01,,22.580,23.083,23.829,22.407,,229.70,249.76,227.53,186.44,6.33,6.85,5.29,7.16,
00:00:38,,13.54,1.0008E+01,9.8174E+00,9.8254E+00,1.0079E+01,,22.583,23.085,23.832,22.403,,229.75,249.76,227.52,186.40,6.40,6.85,5.32,7.19,
00:00:40,,13.54,1.0005E+01,9.8145E+00,9.8248E+00,1.0085E+01,,22.586,23.089,23.832,22.397,,229.78,249.75,227.55,186.38,6.30,6.83,5.30,7.19,
00:00:42,,13.55,1.0004E+01,9.8154E+00,9.8231E+00,1.0087E+01,,22.588,23.087,23.834,22.394,,229.84,249.77,227.56,186.34,6.24,6.81,5.28,7.15,
00:00:44,,13.54,9.9976E+00,9.8157E+00,9.8231E+00,1.0086E+01,,22.595,23.087,23.834,22.395,,229.87,249.78,227.58,186.31,6.19,6.82,5.27,7.13,
00:00:46,,13.54,9.9882E+00,9.8148E+00,9.8223E+00,1.0087E+01,,22.606,23.088,23.835,22.394,,229.94,249.79,227.58,186.27,6.19,6.81,5.28,7.13,
00:00:48,,13.54,9.9841E+00,9.8125E+00,9.8248E+00,1.0089E+01,,22.610,23.091,23.832,22.392,,229.98,249.78,227.59,186.25,6.27,6.82,5.32,7.14,
00:00:50,,13.54,9.9844E+00,9.8162E+00,9.8279E+00,1.0093E+01,,22.610,23.087,23.829,22.387,,230.04,249.80,227.57,186.22,6.31,6.82,5.30,7.16,
00:00:52,,13.54,9.9847E+00,9.8171E+00,9.8284E+00,1.0093E+01,,22.609,23.085,23.828,22.387,,230.08,249.81,227.54,186.19,6.36,6.84,5.30,7.16,
00:00:54,,13.53,9.9821E+00,9.8177E+00,9.8265E+00,1.0092E+01,,22.612,23.085,23.831,22.387,,230.08,249.83,227.52,186.16,6.27,6.83,5.28,7.16,
00:00:56,,13.54,9.9763E+00,9.8154E+00,9.8256E+00,1.0089E+01,,22.618,23.087,23.832,22.392,,230.11,249.84,227.51,186.13,6.20,6.80,5.28,7.14,
00:00:58,,13.53,9.9763E+00,9.8157E+00,9.8262E+00,1.0091E+01,,22.618,23.087,23.831,22.390,,230.13,249.84,227.52,186.12,6.16,6.83,5.26,7.14,
00:01:00,,13.53,9.9704E+00,9.8168E+00,9.8262E+00,1.0095E+01,,22.625,23.086,23.831,22.386,,230.21,249.80,227.53,186.11,6.19,6.84,5.27,7.16,
00:01:02,,13.53,9.9707E+00,9.8196E+00,9.8265E+00,1.0097E+01,,22.625,23.083,23.831,22.383,,230.24,249.76,227.54,186.12,6.27,6.88,5.28,7.18,
00:01:04,,13.53,9.9666E+00,9.8216E+00,9.8256E+00,1.0094E+01,,22.629,23.080,23.832,22.386,,230.29,249.72,227.55,186.11,6.26,6.83,5.28,7.15,
00:01:06,,13.53,9.9634E+00,9.8271E+00,9.8256E+00,1.0087E+01,,22.633,23.074,23.832,22.394,,230.34,249.69,227.58,186.13,6.24,6.82,5.27,7.12,
00:01:08,,13.53,9.9579E+00,9.8273E+00,9.8245E+00,1.0083E+01,,22.640,23.073,23.833,22.399,,230.39,249.67,227.60,186.16,6.23,6.81,5.27,7.10,
00:01:10,,13.53,9.9544E+00,9.8302E+00,9.8259E+00,1.0078E+01,,22.644,23.070,23.831,22.404,,230.45,249.64,227.61,186.20,6.28,6.83,5.27,7.14,
00:01:12,,13.53,9.9541E+00,9.8313E+00,9.8237E+00,1.0072E+01,,22.644,23.069,23.834,22.411,,230.47,249.62,227.60,186.22,6.25,6.83,5.27,7.14,
00:01:14,,13.53,9.9532E+00,9.8333E+00,9.8228E+00,1.0067E+01,,22.645,23.066,23.835,22.417,,230.52,249.60,227.59,186.26,6.24,6.81,5.26,7.15,
00:01:16,,13.54,9.9457E+00,9.833E+00,9.8209E+00,1.0064E+01,,22.653,23.066,23.837,22.420,,230.54,249.59,227.62,186.30,6.26,6.82,5.28,7.15,
00:01:18,,13.54,9.9425E+00,9.8333E+00,9.8197E+00,1.0062E+01,,22.657,23.066,23.838,22.422,,230.58,249.58,227.62,186.36,6.34,6.85,5.31,7.18,
00:01:20,,13.54,9.9436E+00,9.8313E+00,9.8166E+00,1.0057E+01,,22.656,23.069,23.842,22.427,,230.60,249.55,227.64,186.41,6.27,6.84,5.31,7.15,
00:01:22,,13.53,9.9474E+00,9.8313E+00,9.8158E+00,1.0047E+01,,22.652,23.069,23.843,22.439,,230.60,249.55,227.64,186.46,6.29,6.85,5.30,7.15,
00:01:24,,13.52,9.9463E+00,9.8316E+00,9.8146E+00,1.0045E+01,,22.653,23.068,23.844,22.442,,230.62,249.53,227.66,186.49,6.31,6.85,5.26,7.15,
00:01:26,,13.52,9.9454E+00,9.835E+00,9.8152E+00,1.003E+01,,22.654,23.064,23.843,22.458,,230.62,249.56,227.66,186.55,6.38,6.87,5.28,7.15,
00:01:28,,13.52,9.9416E+00,9.8379E+00,9.813E+00,1.0023E+01,,22.658,23.061,23.846,22.466,,230.66,249.56,227.68,186.63,6.32,6.86,5.26,7.13,
00:01:30,,13.52,9.9399E+00,9.837E+00,9.8121E+00,1.0014E+01,,22.660,23.062,23.847,22.476,,230.73,249.58,227.72,186.71,6.23,6.84,5.28,7.12,
00:01:32,,13.51,9.9323E+00,9.8351E+00,9.8082E+00,1.0014E+01,,22.669,23.064,23.852,22.477,,230.82,249.56,227.78,186.77,6.17,6.82,5.27,7.14,
00:01:34,,13.51,9.9323E+00,9.8331E+00,9.8037E+00,1.0007E+01,,22.669,23.067,23.857,22.485,,230.87,249.58,227.85,186.82,6.25,6.83,5.29,7.17,
00:01:36,,13.53,9.9253E+00,9.8328E+00,9.7964E+00,9.9984E+00,,22.677,23.067,23.866,22.495,,230.88,249.60,227.95,186.87,6.26,6.84,5.28,7.16,
00:01:38,,13.54,9.9294E+00,9.8331E+00,9.7871E+00,9.9967E+00,,22.672,23.067,23.877,22.497,,230.89,249.62,228.05,186.92,6.29,6.85,5.26,7.14,
00:01:40,,13.54,9.9245E+00,9.8325E+00,9.779E+00,9.9949E+00,,22.678,23.068,23.887,22.499,,230.91,249.61,228.17,186.95,6.28,6.86,5.27,7.13,
00:01:42,,13.53,9.9251E+00,9.8316E+00,9.7706E+00,9.9937E+00,,22.678,23.068,23.897,22.500,,230.95,249.62,228.26,186.96,6.30,6.88,5.25,7.13,
00:01:44,,13.52,9.9178E+00,9.8322E+00,9.7669E+00,9.9894E+00,,22.686,23.068,23.901,22.505,,231.00,249.62,228.37,186.97,6.33,6.87,5.28,7.15,
00:01:46,,13.52,9.9175E+00,9.8285E+00,9.7558E+00,9.9871E+00,,22.687,23.072,23.914,22.508,,231.03,249.63,228.48,187.00,6.27,6.85,5.26,7.13,
00:01:48,,13.52,9.9152E+00,9.8276E+00,9.7493E+00,9.9804E+00,,22.689,23.073,23.922,22.515,,231.04,249.66,228.57,187.02,6.23,6.82,5.27,7.14,
00:01:50,,13.52,9.9198E+00,9.8236E+00,9.7407E+00,9.9722E+00,,22.683,23.078,23.933,22.525,,231.03,249.69,228.63,187.05,6.16,6.82,5.25,7.10,
00:01:52,,13.52,9.9198E+00,9.8225E+00,9.7387E+00,9.9658E+00,,22.683,23.079,23.935,22.532,,231.00,249.73,228.70,187.06,6.15,6.80,5.26,7.10,
00:01:54,,13.52,9.9216E+00,9.8191E+00,9.7334E+00,9.9667E+00,,22.681,23.084,23.941,22.531,,230.97,249.78,228.77,187.06,6.14,6.81,5.26,7.10,
00:01:56,,13.52,9.9222E+00,9.814E+00,9.7242E+00,9.9615E+00,,22.681,23.090,23.952,22.537,,230.93,249.86,228.85,187.09,6.21,6.81,5.27,7.13,
00:01:58,,13.53,9.9248E+00,9.812E+00,9.7209E+00,9.9519E+00,,22.678,23.092,23.956,22.548,,230.94,249.95,228.91,187.16,6.21,6.83,5.27,7.17,
00:02:00,,13.53,9.928E+00,9.8077E+00,9.7162E+00,9.9337E+00,,22.674,23.097,23.962,22.569,,230.94,250.03,229.02,187.28,6.21,6.83,5.28,7.18,
00:02:02,,13.53,9.9259E+00,9.8054E+00,9.7134E+00,9.9187E+00,,22.677,23.099,23.965,22.587,,230.96,250.07,229.12,187.44,6.20,6.84,5.29,7.16,
00:02:04,,13.52,9.9236E+00,9.8003E+00,9.7017E+00,9.9063E+00,,22.679,23.105,23.979,22.601,,230.95,250.10,229.20,187.61,6.27,6.86,5.30,7.15,
00:02:06,,13.52,9.9219E+00,9.7952E+00,9.6953E+00,9.8976E+00,,22.681,23.111,23.987,22.611,,230.98,250.16,229.25,187.76,6.36,6.88,5.31,7.15,
00:02:08,,13.51,9.9164E+00,9.7872E+00,9.6895E+00,9.8895E+00,,22.687,23.120,23.994,22.620,,231.02,250.28,229.31,187.88,6.38,6.89,5.32,7.17,
00:02:10,,13.51,9.9149E+00,9.7767E+00,9.6881E+00,9.8758E+00,,22.689,23.133,23.996,22.636,,231.11,250.42,229.37,187.96,6.39,6.90,5.34,7.18,
00:02:12,,13.53,9.9137E+00,9.7665E+00,9.6829E+00,9.8674E+00,,22.690,23.145,24.002,22.645,,231.15,250.55,229.41,188.03,6.37,6.91,5.33,7.19,
00:02:14,,13.52,9.9169E+00,9.7544E+00,9.6787E+00,9.8634E+00,,22.687,23.160,24.007,22.650,,231.20,250.68,229.46,188.07,6.29,6.90,5.31,7.18,
00:02:16,,13.52,9.9129E+00,9.7431E+00,9.6748E+00,9.8623E+00,,22.692,23.173,24.011,22.651,,231.22,250.82,229.49,188.07,6.22,6.87,5.30,7.15,
00:02:18,,13.51,9.9062E+00,9.7371E+00,9.6732E+00,9.856E+00,,22.700,23.180,24.013,22.659,,231.26,250.95,229.52,188.07,6.17,6.84,5.28,7.12,
00:02:20,,13.51,9.9033E+00,9.7321E+00,9.6715E+00,9.8525E+00,,22.703,23.186,24.015,22.663,,231.29,251.06,229.55,188.07,6.27,6.84,5.31,7.13,
00:02:22,,13.50,9.9039E+00,9.7304E+00,9.6704E+00,9.8531E+00,,22.702,23.188,24.017,22.663,,231.33,251.16,229.58,188.06,6.30,6.84,5.30,7.17,
00:02:24,,13.50,9.9059E+00,9.7231E+00,9.6679E+00,9.8551E+00,,22.700,23.196,24.020,22.661,,231.36,251.24,229.61,188.06,6.39,6.86,5.32,7.21,
00:02:26,,13.51,9.9045E+00,9.7152E+00,9.6652E+00,9.8565E+00,,22.701,23.206,24.023,22.659,,231.37,251.30,229.64,188.03,6.39,6.86,5.28,7.20,
00:02:28,,13.52,9.9056E+00,9.7081E+00,9.6613E+00,9.8591E+00,,22.700,23.214,24.028,22.655,,231.39,251.35,229.67,188.01,6.45,6.86,5.31,7.20,
00:02:30,,13.53,9.9022E+00,9.6994E+00,9.656E+00,9.8637E+00,,22.703,23.224,24.034,22.650,,231.40,251.38,229.73,187.97,6.40,6.86,5.31,7.18,
00:02:32,,13.52,9.8961E+00,9.6933E+00,9.6549E+00,9.8671E+00,,22.710,23.231,24.035,22.646,,231.44,251.43,229.78,187.94,6.34,6.85,5.30,7.17,
00:02:34,,13.52,9.8912E+00,9.6921E+00,9.6508E+00,9.87E+00,,22.716,23.232,24.041,22.643,,231.46,251.46,229.83,187.89,6.31,6.85,5.27,7.14,
00:02:36,,13.52,9.8869E+00,9.6955E+00,9.6497E+00,9.8712E+00,,22.722,23.229,24.042,22.642,,231.48,251.49,229.88,187.85,6.34,6.86,5.28,7.16,
00:02:38,,13.51,9.8869E+00,9.7022E+00,9.6425E+00,9.8749E+00,,22.722,23.221,24.050,22.637,,231.48,251.47,229.94,187.78,6.40,6.86,5.30,7.18,
00:02:40,,13.51,9.8857E+00,9.7031E+00,9.6384E+00,9.8766E+00,,22.723,23.220,24.055,22.635,,231.50,251.46,230.01,187.73,6.45,6.89,5.32,7.20,
00:02:42,,13.52,9.8918E+00,9.7036E+00,9.6307E+00,9.8824E+00,,22.715,23.219,24.065,22.628,,231.53,251.43,230.08,187.69,6.44,6.88,5.32,7.18,
00:02:44,,13.52,9.8915E+00,9.7011E+00,9.6279E+00,9.8841E+00,,22.716,23.222,24.068,22.626,,231.56,251.40,230.16,187.67,6.42,6.90,5.32,7.19,
00:02:46,,13.52,9.8935E+00,9.7014E+00,9.6219E+00,9.8847E+00,,22.714,23.222,24.075,22.626,,231.58,251.40,230.21,187.67,6.40,6.87,5.30,7.18,
00:02:48,,13.52,9.8915E+00,9.6991E+00,9.6164E+00,9.8778E+00,,22.716,23.224,24.082,22.634,,231.58,251.39,230.26,187.65,6.37,6.86,5.28,7.16,
00:02:50,,13.52,9.8938E+00,9.7025E+00,9.6106E+00,9.8732E+00,,22.713,23.220,24.089,22.639,,231.59,251.41,230.28,187.65,6.32,6.83,5.29,7.16,
00:02:52,,13.51,9.8886E+00,9.7036E+00,9.6076E+00,9.8666E+00,,22.719,23.219,24.092,22.647,,231.58,251.42,230.33,187.63,6.32,6.87,5.28,7.13,
00:02:54,,13.51,9.8874E+00,9.705E+00,9.6051E+00,9.8683E+00,,22.721,23.218,24.096,22.645,,231.58,251.44,230.36,187.62,6.29,6.87,5.27,7.13,
00:02:56,,13.51,9.8843E+00,9.7025E+00,9.6029E+00,9.866E+00,,22.725,23.221,24.099,22.647,,231.60,251.47,230.40,187.63,6.34,6.89,5.27,7.13,
00:02:58,,13.52,9.8868E+00,9.6972E+00,9.6007E+00,9.8643E+00,,22.722,23.227,24.102,22.649,,231.63,251.52,230.44,187.66,6.26,6.85,5.28,7.14,
00:03:00,,13.53,9.8845E+00,9.693E+00,9.598E+00,9.8594E+00,,22.725,23.231,24.105,22.655,,231.64,251.55,230.48,187.74,6.31,6.86,5.30,7.15,
00:03:02,,13.53,9.8822E+00,9.6854E+00,9.595E+00,9.8551E+00,,22.727,23.241,24.109,22.660,,231.65,251.61,230.52,187.79,6.22,6.83,5.30,7.12,
00:03:04,,13.52,9.8846E+00,9.6806E+00,9.5911E+00,9.85E+00,,22.724,23.246,24.113,22.666,,231.65,251.65,230.56,187.84,6.26,6.86,5.30,7.14,
00:03:06,,13.52,9.8863E+00,9.6776E+00,9.5892E+00,9.842E+00,,22.722,23.250,24.116,22.675,,231.68,251.72,230.58,187.87,6.20,6.85,5.26,7.12,
00:03:08,,13.51,9.8845E+00,9.6725E+00,9.5851E+00,9.838E+00,,22.724,23.256,24.121,22.680,,231.70,251.77,230.61,187.90,6.21,6.84,5.24,7.13,
00:03:10,,13.51,9.8776E+00,9.6692E+00,9.5829E+00,9.8463E+00,,22.732,23.260,24.123,22.670,,231.71,251.83,230.64,187.95,6.16,6.80,5.23,7.13,
00:03:12,,13.51,9.8736E+00,9.6638E+00,9.5807E+00,9.846E+00,,22.737,23.267,24.126,22.671,,231.73,251.89,230.68,187.99,6.15,6.78,5.21,7.11,
00:03:14,,13.51,9.8727E+00,9.6616E+00,9.5807E+00,9.8462E+00,,22.737,23.269,24.126,22.670,,231.75,251.95,230.71,188.03,6.14,6.78,5.20,7.10,
00:03:16,,13.51,9.8745E+00,9.6529E+00,9.5799E+00,9.8308E+00,,22.736,23.280,24.127,22.689,,231.77,251.99,230.71,188.05,6.14,6.79,5.19,7.08,
00:03:18,,13.52,9.8707E+00,9.6482E+00,9.5764E+00,9.8245E+00,,22.740,23.285,24.131,22.696,,231.79,252.03,230.75,188.06,6.14,6.80,5.22,7.09,
00:03:20,,13.52,9.8672E+00,9.6437E+00,9.5731E+00,9.818E+00,,22.745,23.291,24.135,22.704,,231.78,252.07,230.80,188.09,6.13,6.81,5.24,7.10,
00:03:22,,13.51,9.8646E+00,9.644E+00,9.5687E+00,9.8146E+00,,22.747,23.290,24.140,22.708,,231.79,252.14,230.84,188.17,6.14,6.79,5.26,7.10,
00:03:24,,13.51,9.8646E+00,9.6407E+00,9.5682E+00,9.8094E+00,,22.747,23.294,24.140,22.713,,231.79,252.20,230.89,188.26,6.14,6.79,5.25,7.09,
00:03:26,,13.51,9.8721E+00,9.6429E+00,9.5643E+00,9.7989E+00,,22.738,23.291,24.145,22.725,,231.81,252.26,230.94,188.32,6.22,6.81,5.25,7.09,
00:03:28,,13.52,9.8796E+00,9.6432E+00,9.5586E+00,9.7949E+00,,22.730,23.291,24.152,22.730,,231.80,252.27,231.00,188.37,6.23,6.83,5.24,7.10,
00:03:30,,13.51,9.8825E+00,9.639E+00,9.5532E+00,9.7872E+00,,22.726,23.296,24.159,22.739,,231.79,252.29,231.04,188.40,6.22,6.83,5.26,7.12,
00:03:32,,13.51,9.8753E+00,9.6348E+00,9.5499E+00,9.785E+00,,22.735,23.301,24.164,22.742,,231.80,252.31,231.08,188.47,6.22,6.82,5.26,7.14,
00:03:34,,13.50,9.8649E+00,9.6281E+00,9.5455E+00,9.779E+00,,22.747,23.309,24.169,22.749,,231.84,252.34,231.15,188.50,6.28,6.82,5.30,7.13,
00:03:36,,13.50,9.8615E+00,9.6284E+00,9.5401E+00,9.7767E+00,,22.751,23.309,24.175,22.752,,231.89,252.37,231.23,188.56,6.30,6.82,5.30,7.13,
00:03:38,,13.50,9.862E+00,9.6242E+00,9.5308E+00,9.7685E+00,,22.751,23.313,24.187,22.761,,231.93,252.41,231.31,188.59,6.27,6.82,5.27,7.11,
00:03:40,,13.50,9.8554E+00,9.6237E+00,9.5246E+00,9.7654E+00,,22.758,23.314,24.195,22.765,,231.97,252.43,231.40,188.65,6.24,6.81,5.23,7.12,
00:03:42,,13.51,9.8494E+00,9.6209E+00,9.5178E+00,9.7634E+00,,22.765,23.318,24.203,22.767,,232.04,252.47,231.48,188.69,6.30,6.81,5.24,7.15,
00:03:44,,13.51,9.8434E+00,9.6226E+00,9.514E+00,9.762E+00,,22.772,23.316,24.208,22.769,,232.12,252.47,231.54,188.74,6.32,6.82,5.25,7.16,
00:03:46,,13.51,9.8396E+00,9.6223E+00,9.5091E+00,9.7566E+00,,22.776,23.316,24.214,22.775,,232.21,252.49,231.59,188.75,6.37,6.84,5.26,7.18,
00:03:48,,13.51,9.8333E+00,9.6215E+00,9.5037E+00,9.7552E+00,,22.783,23.317,24.220,22.777,,232.27,252.51,231.67,188.76,6.35,6.84,5.25,7.17,
00:03:50,,13.51,9.8299E+00,9.6156E+00,9.4977E+00,9.7546E+00,,22.788,23.324,24.227,22.778,,232.35,252.56,231.75,188.79,6.35,6.82,5.25,7.17,
00:03:52,,13.51,9.8236E+00,9.6109E+00,9.4918E+00,9.7535E+00,,22.795,23.330,24.234,22.779,,232.42,252.61,231.82,188.80,6.29,6.81,5.25,7.12,
00:03:54,,13.51,9.8213E+00,9.6042E+00,9.4863E+00,9.7484E+00,,22.798,23.338,24.241,22.785,,232.52,252.67,231.87,188.83,6.30,6.82,5.23,7.10,
00:03:56,,13.51,9.815E+00,9.5995E+00,9.4836E+00,9.7425E+00,,22.805,23.344,24.244,22.792,,232.61,252.72,231.91,188.89,6.30,6.82,5.23,7.12,
00:03:58,,13.51,9.8067E+00,9.5954E+00,9.4847E+00,9.7337E+00,,22.814,23.349,24.243,22.803,,232.70,252.78,231.93,188.97,6.30,6.81,5.23,7.14,
00:04:00,,13.50,9.7921E+00,9.5929E+00,9.4825E+00,9.7289E+00,,22.832,23.352,24.246,22.808,,232.82,252.84,231.96,189.02,6.30,6.83,5.28,7.16,
00:04:02,,13.51,9.7782E+00,9.5901E+00,9.4782E+00,9.7225E+00,,22.848,23.355,24.251,22.816,,232.95,252.90,231.98,189.05,6.25,6.82,5.28,7.12,
00:04:04,,13.52,9.7682E+00,9.5854E+00,9.4753E+00,9.7188E+00,,22.860,23.361,24.255,22.821,,233.13,252.96,232.03,189.08,6.31,6.86,5.29,7.13,
00:04:06,,13.52,9.7597E+00,9.5846E+00,9.4734E+00,9.718E+00,,22.870,23.361,24.257,22.822,,233.28,253.01,232.06,189.11,6.31,6.87,5.25,7.13,
00:04:08,,13.51,9.7483E+00,9.5843E+00,9.4718E+00,9.7194E+00,,22.883,23.362,24.259,22.820,,233.44,253.08,232.09,189.14,6.37,6.88,5.23,7.17,
00:04:10,,13.50,9.7384E+00,9.5815E+00,9.4685E+00,9.7208E+00,,22.894,23.365,24.263,22.818,,233.58,253.14,232.11,189.17,6.35,6.87,5.24,7.17,
00:04:12,,13.50,9.7282E+00,9.5765E+00,9.4699E+00,9.7143E+00,,22.906,23.372,24.261,22.825,,233.72,253.19,232.14,189.20,6.38,6.85,5.25,7.16,
00:04:14,,13.50,9.7222E+00,9.5727E+00,9.4704E+00,9.7073E+00,,22.914,23.376,24.261,22.833,,233.83,253.21,232.15,189.20,6.38,6.86,5.27,7.16,
00:04:16,,13.51,9.7171E+00,9.5704E+00,9.4693E+00,9.7025E+00,,22.920,23.379,24.262,22.839,,233.92,253.24,232.15,189.22,6.32,6.86,5.26,7.14,
00:04:18,,13.52,9.7109E+00,9.5713E+00,9.468E+00,9.7031E+00,,22.927,23.378,24.264,22.839,,233.99,253.24,232.16,189.23,6.22,6.84,5.24,7.11,
00:04:20,,13.52,9.6996E+00,9.5693E+00,9.4642E+00,9.6991E+00,,22.940,23.380,24.269,22.844,,234.04,253.25,232.17,189.26,6.15,6.82,5.25,7.09,
00:04:22,,13.50,9.6948E+00,9.5691E+00,9.4639E+00,9.6963E+00,,22.945,23.380,24.269,22.847,,234.11,253.28,232.20,189.27,6.15,6.81,5.23,7.09,
00:04:24,,13.50,9.6923E+00,9.5635E+00,9.4623E+00,9.691E+00,,22.949,23.387,24.271,22.853,,234.13,253.32,232.20,189.32,6.21,6.83,5.25,7.13,
00:04:26,,13.50,9.6937E+00,9.5605E+00,9.4626E+00,9.691E+00,,22.947,23.390,24.270,22.853,,234.16,253.35,232.23,189.35,6.19,6.82,5.22,7.12,
00:04:28,,13.50,9.6886E+00,9.5575E+00,9.4596E+00,9.6907E+00,,22.953,23.394,24.274,22.853,,234.15,253.37,232.27,189.40,6.20,6.80,5.26,7.10,
00:04:30,,13.50,9.6886E+00,9.5553E+00,9.4566E+00,9.6862E+00,,22.953,23.397,24.278,22.859,,234.16,253.40,232.31,189.44,6.18,6.81,5.28,7.09,
00:04:32,,13.50,9.69E+00,9.5522E+00,9.4513E+00,9.6787E+00,,22.951,23.401,24.284,22.868,,234.18,253.44,232.35,189.48,6.19,6.82,5.28,7.11,
00:04:34,,13.50,9.694E+00,9.5492E+00,9.4472E+00,9.675E+00,,22.947,23.404,24.290,22.872,,234.18,253.45,232.39,189.50,6.20,6.82,5.26,7.13,
00:04:36,,13.50,9.6934E+00,9.5508E+00,9.4408E+00,9.67E+00,,22.947,23.402,24.298,22.878,,234.20,253.47,232.45,189.50,6.16,6.79,5.23,7.11,
00:04:38,,13.49,9.6923E+00,9.5508E+00,9.437E+00,9.6694E+00,,22.948,23.402,24.302,22.879,,234.19,253.49,232.52,189.51,6.16,6.79,5.25,7.14,
00:04:40,,13.49,9.692E+00,9.5533E+00,9.43E+00,9.6607E+00,,22.949,23.399,24.311,22.890,,234.20,253.51,232.62,189.55,6.16,6.81,5.27,7.13,
00:04:42,,13.50,9.6892E+00,9.5511E+00,9.4241E+00,9.6577E+00,,22.952,23.401,24.318,22.893,,234.20,253.52,232.71,189.62,6.19,6.84,5.28,7.15,
00:04:44,,13.51,9.6895E+00,9.5473E+00,9.415E+00,9.6529E+00,,22.952,23.406,24.329,22.899,,234.22,253.53,232.83,189.65,6.21,6.83,5.26,7.13,
00:04:46,,13.52,9.6883E+00,9.542E+00,9.4083E+00,9.651E+00,,22.953,23.413,24.338,22.901,,234.24,253.56,232.94,189.69,6.23,6.83,5.24,7.14,
00:04:48,,13.51,9.6897E+00,9.5401E+00,9.4013E+00,9.649E+00,,22.952,23.415,24.346,22.903,,234.26,253.60,233.07,189.71,6.22,6.83,5.26,7.16,
00:04:50,,13.51,9.6841E+00,9.5404E+00,9.3957E+00,9.6459E+00,,22.959,23.415,24.353,22.907,,234.30,253.62,233.17,189.74,6.21,6.83,5.29,7.14,
00:04:52,,13.50,9.6779E+00,9.5445E+00,9.3874E+00,9.6415E+00,,22.966,23.410,24.363,22.912,,234.32,253.63,233.29,189.77,6.24,6.85,5.32,7.15,
00:04:54,,13.50,9.6737E+00,9.5434E+00,9.3797E+00,9.6356E+00,,22.971,23.411,24.373,22.919,,234.35,253.64,233.38,189.78,6.23,6.84,5.29,7.15,
00:04:56,,13.50,9.6698E+00,9.5473E+00,9.3738E+00,9.6378E+00,,22.975,23.407,24.381,22.917,,234.37,253.66,233.48,189.80,6.21,6.83,5.29,7.15,
00:04:58,,13.51,9.6692E+00,9.5448E+00,9.3682E+00,9.6404E+00,,22.976,23.410,24.388,22.914,,234.39,253.68,233.53,189.79,6.16,6.82,5.28,7.14,
00:05:00,,13.50,9.6667E+00,9.5448E+00,9.3623E+00,9.6415E+00,,22.980,23.410,24.395,22.913,,234.44,253.70,233.62,189.79,6.16,6.81,5.25,7.11,
00:05:02,,13.50,9.663E+00,9.542E+00,9.3549E+00,9.6334E+00,,22.984,23.413,24.404,22.922,,234.51,253.70,233.68,189.82,6.15,6.80,5.24,7.10,
00:05:04,,13.50,9.6588E+00,9.5404E+00,9.3498E+00,9.6287E+00,,22.989,23.415,24.411,22.928,,234.59,253.70,233.76,189.83,6.14,6.81,5.21,7.08,
00:05:06,,13.50,9.6549E+00,9.5365E+00,9.3426E+00,9.6298E+00,,22.993,23.420,24.420,22.927,,234.64,253.71,233.84,189.82,6.15,6.81,5.23,7.07,
00:05:08,,13.51,9.6496E+00,9.5343E+00,9.3368E+00,9.6287E+00,,22.999,23.423,24.428,22.928,,234.71,253.68,233.92,189.82,6.17,6.81,5.25,7.09,
00:05:10,,13.50,9.6409E+00,9.5327E+00,9.3283E+00,9.6264E+00,,23.010,23.424,24.438,22.930,,234.78,253.69,234.02,189.84,6.26,6.82,5.27,7.13,
00:05:12,,13.50,9.6333E+00,9.5349E+00,9.3206E+00,9.6222E+00,,23.019,23.421,24.447,22.935,,234.83,253.70,234.11,189.86,6.32,6.85,5.28,7.16,
00:05:14,,13.50,9.6302E+00,9.5354E+00,9.3153E+00,9.6256E+00,,23.022,23.420,24.454,22.931,,234.90,253.71,234.22,189.87,6.38,6.86,5.29,7.16,
00:05:16,,13.51,9.6305E+00,9.5368E+00,9.3105E+00,9.6261E+00,,23.022,23.419,24.460,22.931,,234.95,253.70,234.28,189.87,6.35,6.84,5.29,7.14,
00:05:18,,13.51,9.6263E+00,9.5396E+00,9.3071E+00,9.6278E+00,,23.027,23.416,24.465,22.929,,235.04,253.70,234.33,189.87,6.33,6.81,5.31,7.12,
00:05:20,,13.50,9.6193E+00,9.5385E+00,9.2997E+00,9.6306E+00,,23.036,23.417,24.474,22.925,,235.09,253.68,234.37,189.87,6.31,6.81,5.30,7.12,
00:05:22,,13.50,9.6129E+00,9.5385E+00,9.2965E+00,9.6345E+00,,23.043,23.417,24.478,22.921,,235.16,253.65,234.42,189.89,6.32,6.83,5.30,7.12,
00:05:24,,13.50,9.6124E+00,9.5316E+00,9.2941E+00,9.6376E+00,,23.044,23.426,24.481,22.917,,235.21,253.63,234.48,189.88,6.36,6.83,5.29,7.16,
00:05:26,,13.50,9.6135E+00,9.5329E+00,9.2936E+00,9.6348E+00,,23.042,23.424,24.482,22.920,,235.27,253.64,234.50,189.87,6.38,6.84,5.30,7.17,
00:05:28,,13.50,9.6096E+00,9.5335E+00,9.2934E+00,9.6353E+00,,23.047,23.423,24.482,22.920,,235.29,253.65,234.51,189.87,6.37,6.85,5.29,7.18,
00:05:30,,13.50,9.6023E+00,9.5376E+00,9.2912E+00,9.6348E+00,,23.055,23.418,24.485,22.921,,235.34,253.67,234.52,189.90,6.34,6.88,5.29,7.17,
00:05:32,,13.50,9.5976E+00,9.5379E+00,9.292E+00,9.6331E+00,,23.061,23.418,24.484,22.922,,235.36,253.67,234.54,189.90,6.34,6.88,5.28,7.16,
00:05:34,,13.50,9.5956E+00,9.5387E+00,9.2889E+00,9.6326E+00,,23.063,23.417,24.487,22.923,,235.40,253.68,234.57,189.89,6.34,6.87,5.27,7.16,
00:05:36,,13.51,9.5953E+00,9.5409E+00,9.2889E+00,9.6278E+00,,23.064,23.415,24.487,22.929,,235.42,253.69,234.56,189.88,6.32,6.84,5.26,7.15,
00:05:38,,13.51,9.5903E+00,9.5379E+00,9.286E+00,9.6284E+00,,23.070,23.418,24.491,22.928,,235.48,253.69,234.56,189.89,6.28,6.83,5.25,7.15,
00:05:40,,13.51,9.5895E+00,9.536E+00,9.2878E+00,9.6281E+00,,23.071,23.421,24.489,22.929,,235.53,253.73,234.54,189.89,6.24,6.83,5.23,7.14,
00:05:42,,13.50,9.5878E+00,9.534E+00,9.2891E+00,9.6295E+00,,23.073,23.423,24.487,22.927,,235.58,253.75,234.53,189.89,6.24,6.84,5.25,7.14,
00:05:44,,13.50,9.5856E+00,9.5385E+00,9.2915E+00,9.6328E+00,,23.076,23.417,24.484,22.922,,235.60,253.79,234.52,189.87,6.25,6.85,5.26,7.16,
00:05:46,,13.50,9.5814E+00,9.5404E+00,9.291E+00,9.6306E+00,,23.081,23.415,24.485,22.925,,235.63,253.80,234.52,189.87,6.32,6.86,5.29,7.18,
00:05:48,,13.50,9.5756E+00,9.5382E+00,9.2918E+00,9.6292E+00,,23.088,23.417,24.484,22.927,,235.66,253.80,234.52,189.88,6.36,6.87,5.28,7.17,
00:05:50,,13.50,9.5734E+00,9.5316E+00,9.2939E+00,9.6275E+00,,23.091,23.425,24.482,22.929,,235.69,253.82,234.54,189.91,6.37,6.86,5.29,7.17,
00:05:52,,13.49,9.5651E+00,9.525E+00,9.2934E+00,9.6239E+00,,23.100,23.433,24.482,22.933,,235.73,253.82,234.57,189.92,6.38,6.86,5.30,7.18,
00:05:54,,13.50,9.5648E+00,9.5236E+00,9.2915E+00,9.6261E+00,,23.101,23.435,24.485,22.930,,235.76,253.87,234.59,189.92,6.40,6.87,5.32,7.21,
00:05:56,,13.50,9.5656E+00,9.5225E+00,9.287E+00,9.62E+00,,23.099,23.436,24.490,22.938,,235.79,253.91,234.60,189.92,6.41,6.90,5.31,7.19,
00:05:58,,13.51,9.5662E+00,9.5217E+00,9.2876E+00,9.6189E+00,,23.099,23.437,24.490,22.939,,235.81,253.95,234.63,189.94,6.37,6.89,5.32,7.18,
00:06:00,,13.50,9.5642E+00,9.5173E+00,9.2857E+00,9.6145E+00,,23.101,23.442,24.492,22.944,,235.82,253.98,234.66,189.96,6.29,6.87,5.29,7.15,
00:06:02,,13.51,9.5631E+00,9.5118E+00,9.2862E+00,9.612E+00,,23.103,23.449,24.491,22.947,,235.81,254.07,234.69,189.99,6.27,6.83,5.28,7.15,
00:06:04,,13.50,9.5642E+00,9.5066E+00,9.2841E+00,9.6128E+00,,23.101,23.456,24.494,22.946,,235.80,254.18,234.70,190.00,6.30,6.83,5.26,7.15,
00:06:06,,13.51,9.5631E+00,9.5047E+00,9.2831E+00,9.6072E+00,,23.103,23.458,24.495,22.953,,235.84,254.31,234.70,190.04,6.32,6.82,5.27,7.18,
00:06:08,,13.51,9.559E+00,9.4981E+00,9.2831E+00,9.6058E+00,,23.108,23.466,24.495,22.955,,235.89,254.40,234.71,190.07,6.32,6.82,5.27,7.18,
00:06:10,,13.51,9.559E+00,9.4912E+00,9.2794E+00,9.5975E+00,,23.108,23.474,24.500,22.965,,235.93,254.48,234.74,190.12,6.24,6.81,5.26,7.17,
00:06:12,,13.50,9.5576E+00,9.4822E+00,9.2767E+00,9.5931E+00,,23.110,23.486,24.503,22.970,,235.93,254.56,234.77,190.15,6.21,6.80,5.28,7.15,
00:06:14,,13.50,9.5606E+00,9.48E+00,9.272E+00,9.587E+00,,23.106,23.488,24.509,22.978,,235.92,254.60,234.79,190.18,6.20,6.79,5.27,7.13,
00:06:16,,13.50,9.5606E+00,9.4751E+00,9.2691E+00,9.5803E+00,,23.106,23.494,24.512,22.986,,235.93,254.65,234.82,190.23,6.21,6.80,5.26,7.12,
00:06:18,,13.50,9.5601E+00,9.4748E+00,9.2678E+00,9.5795E+00,,23.107,23.494,24.514,22.987,,235.96,254.67,234.85,190.26,6.21,6.80,5.25,7.14,
00:06:20,,13.50,9.5581E+00,9.4743E+00,9.2649E+00,9.5751E+00,,23.109,23.495,24.517,22.992,,235.97,254.73,234.89,190.29,6.21,6.82,5.25,7.14,
00:06:22,,13.49,9.5542E+00,9.4727E+00,9.2636E+00,9.5729E+00,,23.114,23.497,24.519,22.994,,235.98,254.80,234.93,190.33,6.27,6.83,5.27,7.12,
00:06:24,,13.50,9.5506E+00,9.4631E+00,9.2594E+00,9.5668E+00,,23.118,23.509,24.525,23.002,,235.98,254.94,234.97,190.40,6.27,6.83,5.29,7.12,
00:06:26,,13.50,9.5473E+00,9.4508E+00,9.2565E+00,9.5635E+00,,23.122,23.524,24.529,23.006,,236.04,255.06,234.99,190.47,6.25,6.82,5.30,7.10,
00:06:28,,13.50,9.5401E+00,9.4435E+00,9.2557E+00,9.5558E+00,,23.130,23.533,24.530,23.015,,236.12,255.17,235.00,190.55,6.19,6.80,5.30,7.11,